pc_timestamp,timestamp_asg,mid,revision,length,device_id,station,module_name,ip,port,models_supported,running_model,process,station_type,torque_unit,is_tightening_result,parse_status,parameter_set_id,batch_counter,tightening_status,torque_status,angle_status,torque_min,torque_target,torque_max,torque_actual,angle_min,angle_target,angle_max,angle_actual,tightening_id,torque_valid_python,angle_valid_python,result_valid_python,validation_match_asg,raw
2026-07-21 07:50:59,2026-07-21 07:50:59,0061,001,0231,ASG_01,Heatsink Assy & Screwing,24001-09-05,DEMO,4545,T1XX-1|T1XX-2,T1XX-1,HDS302,shared,cN·m,True,OK,31,1,OK,OK,OK,80,95,110,90.8,0,0,0,1063,0000010000,True,True,True,True,DEMO_RAW
2026-07-21 07:50:59,2026-07-21 07:50:59,0061,001,0231,ASG_02,Heatsink Assy to Lower Case,24001-05-04,DEMO,4545,T1XX-1|T1XX-2,T1XX-1,HUD02,shared,cN·m,True,OK,31,1,OK,OK,OK,90,103,118,102.2,0,0,0,740,0000010001,True,True,True,True,DEMO_RAW
2026-07-21 07:50:59,2026-07-21 07:50:59,0061,001,0231,ASG_04,Rear Cover / PCB Cover,24001-07-04,DEMO,4545,T1XX-1|T1XX-2,T1XX-1,HUD05,shared,cN·m,True,OK,31,1,OK,OK,OK,85,100,115,100.9,0,0,0,725,0000010002,True,True,True,True,DEMO_RAW
2026-07-21 07:50:59,2026-07-21 07:50:59,0061,001,0231,ASG_05,Flat Mirror Assy,24001-06-04,DEMO,4545,T1XX-1,T1XX-1,HUD06,exclusive,cN·m,True,OK,31,1,OK,OK,OK,80,90,105,89.7,0,0,0,736,0000010003,True,True,True,True,DEMO_RAW
2026-07-21 07:50:59,2026-07-21 07:50:59,0061,001,0231,ASG_06,Sunlight Sensor,24001-10-04,DEMO,4545,T1XX-1,T1XX-1,HDS503,exclusive,cN·m,True,OK,31,1,OK,OK,OK,70,82,95,82.8,0,0,0,844,0000010004,True,True,True,True,DEMO_RAW
2026-07-21 07:50:59,2026-07-21 07:50:59,0061,001,0231,ASG_07,Upper Case To Lower Case,24001-08-04,DEMO,4545,T1XX-1|T1XX-2,T1XX-1,HUD07,shared,cN·m,True,OK,31,1,OK,OK,OK,85,100,115,99.3,0,0,0,754,0000010005,True,True,True,True,DEMO_RAW
2026-07-21 07:51:59,2026-07-21 07:51:59,0061,001,0231,ASG_01,Heatsink Assy & Screwing,24001-09-05,DEMO,4545,T1XX-1|T1XX-2,T1XX-1,HDS302,shared,cN·m,True,OK,31,2,OK,OK,OK,80,95,110,90.1,0,0,0,683,0000010006,True,True,True,True,DEMO_RAW
2026-07-21 07:51:59,2026-07-21 07:51:59,0061,001,0231,ASG_02,Heatsink Assy to Lower Case,24001-05-04,DEMO,4545,T1XX-1|T1XX-2,T1XX-1,HUD02,shared,cN·m,True,OK,31,2,OK,OK,OK,90,103,118,104.8,0,0,0,734,0000010007,True,True,True,True,DEMO_RAW
2026-07-21 07:51:59,2026-07-21 07:51:59,0061,001,0231,ASG_04,Rear Cover / PCB Cover,24001-07-04,DEMO,4545,T1XX-1|T1XX-2,T1XX-1,HUD05,shared,cN·m,True,OK,31,2,OK,OK,OK,85,100,115,99.6,0,0,0,903,0000010008,True,True,True,True,DEMO_RAW
2026-07-21 07:51:59,2026-07-21 07:51:59,0061,001,0231,ASG_05,Flat Mirror Assy,24001-06-04,DEMO,4545,T1XX-1,T1XX-1,HUD06,exclusive,cN·m,True,OK,31,2,OK,OK,OK,80,90,105,94.0,0,0,0,794,0000010009,True,True,True,True,DEMO_RAW
2026-07-21 07:51:59,2026-07-21 07:51:59,0061,001,0231,ASG_06,Sunlight Sensor,24001-10-04,DEMO,4545,T1XX-1,T1XX-1,HDS503,exclusive,cN·m,True,OK,31,2,OK,OK,OK,70,82,95,78.1,0,0,0,975,0000010010,True,True,True,True,DEMO_RAW
2026-07-21 07:51:59,2026-07-21 07:51:59,0061,001,0231,ASG_07,Upper Case To Lower Case,24001-08-04,DEMO,4545,T1XX-1|T1XX-2,T1XX-1,HUD07,shared,cN·m,True,OK,31,2,OK,OK,OK,85,100,115,98.6,0,0,0,1035,0000010011,True,True,True,True,DEMO_RAW
2026-07-21 07:52:59,2026-07-21 07:52:59,0061,001,0231,ASG_01,Heatsink Assy & Screwing,24001-09-05,DEMO,4545,T1XX-1|T1XX-2,T1XX-1,HDS302,shared,cN·m,True,OK,31,3,OK,OK,OK,80,95,110,95.7,0,0,0,678,0000010012,True,True,True,True,DEMO_RAW
2026-07-21 07:52:59,2026-07-21 07:52:59,0061,001,0231,ASG_02,Heatsink Assy to Lower Case,24001-05-04,DEMO,4545,T1XX-1|T1XX-2,T1XX-1,HUD02,shared,cN·m,True,OK,31,3,OK,OK,OK,90,103,118,99.6,0,0,0,894,0000010013,True,True,True,True,DEMO_RAW
2026-07-21 07:52:59,2026-07-21 07:52:59,0061,001,0231,ASG_04,Rear Cover / PCB Cover,24001-07-04,DEMO,4545,T1XX-1|T1XX-2,T1XX-1,HUD05,shared,cN·m,True,OK,31,3,OK,OK,OK,85,100,115,102.4,0,0,0,792,0000010014,True,True,True,True,DEMO_RAW
2026-07-21 07:52:59,2026-07-21 07:52:59,0061,001,0231,ASG_05,Flat Mirror Assy,24001-06-04,DEMO,4545,T1XX-1,T1XX-1,HUD06,exclusive,cN·m,True,OK,31,3,OK,OK,OK,80,90,105,88.5,0,0,0,769,0000010015,True,True,True,True,DEMO_RAW
2026-07-21 07:52:59,2026-07-21 07:52:59,0061,001,0231,ASG_06,Sunlight Sensor,24001-10-04,DEMO,4545,T1XX-1,T1XX-1,HDS503,exclusive,cN·m,True,OK,31,3,OK,OK,OK,70,82,95,82.0,0,0,0,956,0000010016,True,True,True,True,DEMO_RAW
2026-07-21 07:52:59,2026-07-21 07:52:59,0061,001,0231,ASG_07,Upper Case To Lower Case,24001-08-04,DEMO,4545,T1XX-1|T1XX-2,T1XX-1,HUD07,shared,cN·m,True,OK,31,3,OK,OK,OK,85,100,115,102.8,0,0,0,777,0000010017,True,True,True,True,DEMO_RAW
2026-07-21 07:53:59,2026-07-21 07:53:59,0061,001,0231,ASG_01,Heatsink Assy & Screwing,24001-09-05,DEMO,4545,T1XX-1|T1XX-2,T1XX-1,HDS302,shared,cN·m,True,OK,31,4,OK,OK,OK,80,95,110,92.3,0,0,0,826,0000010018,True,True,True,True,DEMO_RAW
2026-07-21 07:53:59,2026-07-21 07:53:59,0061,001,0231,ASG_02,Heatsink Assy to Lower Case,24001-05-04,DEMO,4545,T1XX-1|T1XX-2,T1XX-1,HUD02,shared,cN·m,True,OK,31,4,OK,OK,OK,90,103,118,105.0,0,0,0,841,0000010019,True,True,True,True,DEMO_RAW
2026-07-21 07:53:59,2026-07-21 07:53:59,0061,001,0231,ASG_04,Rear Cover / PCB Cover,24001-07-04,DEMO,4545,T1XX-1|T1XX-2,T1XX-1,HUD05,shared,cN·m,True,OK,31,4,OK,OK,OK,85,100,115,101.4,0,0,0,779,0000010020,True,True,True,True,DEMO_RAW
2026-07-21 07:53:59,2026-07-21 07:53:59,0061,001,0231,ASG_05,Flat Mirror Assy,24001-06-04,DEMO,4545,T1XX-1,T1XX-1,HUD06,exclusive,cN·m,True,OK,31,4,OK,OK,OK,80,90,105,88.4,0,0,0,962,0000010021,True,True,True,True,DEMO_RAW
2026-07-21 07:53:59,2026-07-21 07:53:59,0061,001,0231,ASG_06,Sunlight Sensor,24001-10-04,DEMO,4545,T1XX-1,T1XX-1,HDS503,exclusive,cN·m,True,OK,31,4,OK,OK,OK,70,82,95,84.1,0,0,0,736,0000010022,True,True,True,True,DEMO_RAW
2026-07-21 07:53:59,2026-07-21 07:53:59,0061,001,0231,ASG_07,Upper Case To Lower Case,24001-08-04,DEMO,4545,T1XX-1|T1XX-2,T1XX-1,HUD07,shared,cN·m,True,OK,31,4,OK,OK,OK,85,100,115,99.1,0,0,0,1029,0000010023,True,True,True,True,DEMO_RAW
2026-07-21 07:54:59,2026-07-21 07:54:59,0061,001,0231,ASG_01,Heatsink Assy & Screwing,24001-09-05,DEMO,4545,T1XX-1|T1XX-2,T1XX-1,HDS302,shared,cN·m,True,OK,31,5,OK,OK,OK,80,95,110,94.1,0,0,0,817,0000010024,True,True,True,True,DEMO_RAW
2026-07-21 07:54:59,2026-07-21 07:54:59,0061,001,0231,ASG_02,Heatsink Assy to Lower Case,24001-05-04,DEMO,4545,T1XX-1|T1XX-2,T1XX-1,HUD02,shared,cN·m,True,OK,31,5,OK,OK,OK,90,103,118,104.7,0,0,0,981,0000010025,True,True,True,True,DEMO_RAW
2026-07-21 07:54:59,2026-07-21 07:54:59,0061,001,0231,ASG_04,Rear Cover / PCB Cover,24001-07-04,DEMO,4545,T1XX-1|T1XX-2,T1XX-1,HUD05,shared,cN·m,True,OK,31,5,OK,OK,OK,85,100,115,100.5,0,0,0,964,0000010026,True,True,True,True,DEMO_RAW
2026-07-21 07:54:59,2026-07-21 07:54:59,0061,001,0231,ASG_05,Flat Mirror Assy,24001-06-04,DEMO,4545,T1XX-1,T1XX-1,HUD06,exclusive,cN·m,True,OK,31,5,OK,OK,OK,80,90,105,90.1,0,0,0,974,0000010027,True,True,True,True,DEMO_RAW
2026-07-21 07:54:59,2026-07-21 07:54:59,0061,001,0231,ASG_06,Sunlight Sensor,24001-10-04,DEMO,4545,T1XX-1,T1XX-1,HDS503,exclusive,cN·m,True,OK,31,5,OK,OK,OK,70,82,95,77.9,0,0,0,987,0000010028,True,True,True,True,DEMO_RAW
2026-07-21 07:54:59,2026-07-21 07:54:59,0061,001,0231,ASG_07,Upper Case To Lower Case,24001-08-04,DEMO,4545,T1XX-1|T1XX-2,T1XX-1,HUD07,shared,cN·m,True,OK,31,5,OK,OK,OK,85,100,115,98.3,0,0,0,945,0000010029,True,True,True,True,DEMO_RAW
2026-07-21 07:55:59,2026-07-21 07:55:59,0061,001,0231,ASG_01,Heatsink Assy & Screwing,24001-09-05,DEMO,4545,T1XX-1|T1XX-2,T1XX-1,HDS302,shared,cN·m,True,OK,31,6,OK,OK,OK,80,95,110,95.4,0,0,0,853,0000010030,True,True,True,True,DEMO_RAW
2026-07-21 07:55:59,2026-07-21 07:55:59,0061,001,0231,ASG_02,Heatsink Assy to Lower Case,24001-05-04,DEMO,4545,T1XX-1|T1XX-2,T1XX-1,HUD02,shared,cN·m,True,OK,31,6,OK,OK,OK,90,103,118,101.9,0,0,0,830,0000010031,True,True,True,True,DEMO_RAW
2026-07-21 07:55:59,2026-07-21 07:55:59,0061,001,0231,ASG_04,Rear Cover / PCB Cover,24001-07-04,DEMO,4545,T1XX-1|T1XX-2,T1XX-1,HUD05,shared,cN·m,True,OK,31,6,OK,OK,OK,85,100,115,99.6,0,0,0,840,0000010032,True,True,True,True,DEMO_RAW
2026-07-21 07:55:59,2026-07-21 07:55:59,0061,001,0231,ASG_05,Flat Mirror Assy,24001-06-04,DEMO,4545,T1XX-1,T1XX-1,HUD06,exclusive,cN·m,True,OK,31,6,OK,OK,OK,80,90,105,90.2,0,0,0,803,0000010033,True,True,True,True,DEMO_RAW
2026-07-21 07:55:59,2026-07-21 07:55:59,0061,001,0231,ASG_06,Sunlight Sensor,24001-10-04,DEMO,4545,T1XX-1,T1XX-1,HDS503,exclusive,cN·m,True,OK,31,6,OK,OK,OK,70,82,95,81.7,0,0,0,817,0000010034,True,True,True,True,DEMO_RAW
2026-07-21 07:55:59,2026-07-21 07:55:59,0061,001,0231,ASG_07,Upper Case To Lower Case,24001-08-04,DEMO,4545,T1XX-1|T1XX-2,T1XX-1,HUD07,shared,cN·m,True,OK,31,6,OK,OK,OK,85,100,115,104.7,0,0,0,831,0000010035,True,True,True,True,DEMO_RAW
2026-07-21 07:56:59,2026-07-21 07:56:59,0061,001,0231,ASG_01,Heatsink Assy & Screwing,24001-09-05,DEMO,4545,T1XX-1|T1XX-2,T1XX-1,HDS302,shared,cN·m,True,OK,31,7,OK,OK,OK,80,95,110,96.7,0,0,0,711,0000010036,True,True,True,True,DEMO_RAW
2026-07-21 07:56:59,2026-07-21 07:56:59,0061,001,0231,ASG_02,Heatsink Assy to Lower Case,24001-05-04,DEMO,4545,T1XX-1|T1XX-2,T1XX-1,HUD02,shared,cN·m,True,OK,31,7,OK,OK,OK,90,103,118,103.2,0,0,0,805,0000010037,True,True,True,True,DEMO_RAW
2026-07-21 07:56:59,2026-07-21 07:56:59,0061,001,0231,ASG_04,Rear Cover / PCB Cover,24001-07-04,DEMO,4545,T1XX-1|T1XX-2,T1XX-1,HUD05,shared,cN·m,True,OK,31,7,OK,OK,OK,85,100,115,94.7,0,0,0,982,0000010038,True,True,True,True,DEMO_RAW
2026-07-21 07:56:59,2026-07-21 07:56:59,0061,001,0231,ASG_05,Flat Mirror Assy,24001-06-04,DEMO,4545,T1XX-1,T1XX-1,HUD06,exclusive,cN·m,True,OK,31,7,OK,OK,OK,80,90,105,92.6,0,0,0,908,0000010039,True,True,True,True,DEMO_RAW
2026-07-21 07:56:59,2026-07-21 07:56:59,0061,001,0231,ASG_06,Sunlight Sensor,24001-10-04,DEMO,4545,T1XX-1,T1XX-1,HDS503,exclusive,cN·m,True,OK,31,7,OK,OK,OK,70,82,95,84.0,0,0,0,779,0000010040,True,True,True,True,DEMO_RAW
2026-07-21 07:56:59,2026-07-21 07:56:59,0061,001,0231,ASG_07,Upper Case To Lower Case,24001-08-04,DEMO,4545,T1XX-1|T1XX-2,T1XX-1,HUD07,shared,cN·m,True,OK,31,7,OK,OK,OK,85,100,115,96.5,0,0,0,741,0000010041,True,True,True,True,DEMO_RAW
2026-07-21 07:57:59,2026-07-21 07:57:59,0061,001,0231,ASG_01,Heatsink Assy & Screwing,24001-09-05,DEMO,4545,T1XX-1|T1XX-2,T1XX-1,HDS302,shared,cN·m,True,OK,31,8,OK,OK,OK,80,95,110,93.8,0,0,0,930,0000010042,True,True,True,True,DEMO_RAW
2026-07-21 07:57:59,2026-07-21 07:57:59,0061,001,0231,ASG_02,Heatsink Assy to Lower Case,24001-05-04,DEMO,4545,T1XX-1|T1XX-2,T1XX-1,HUD02,shared,cN·m,True,OK,31,8,OK,OK,OK,90,103,118,103.7,0,0,0,916,0000010043,True,True,True,True,DEMO_RAW
2026-07-21 07:57:59,2026-07-21 07:57:59,0061,001,0231,ASG_04,Rear Cover / PCB Cover,24001-07-04,DEMO,4545,T1XX-1|T1XX-2,T1XX-1,HUD05,shared,cN·m,True,OK,31,8,OK,OK,OK,85,100,115,103.6,0,0,0,914,0000010044,True,True,True,True,DEMO_RAW
2026-07-21 07:57:59,2026-07-21 07:57:59,0061,001,0231,ASG_05,Flat Mirror Assy,24001-06-04,DEMO,4545,T1XX-1,T1XX-1,HUD06,exclusive,cN·m,True,OK,31,8,OK,OK,OK,80,90,105,89.1,0,0,0,973,0000010045,True,True,True,True,DEMO_RAW
2026-07-21 07:57:59,2026-07-21 07:57:59,0061,001,0231,ASG_06,Sunlight Sensor,24001-10-04,DEMO,4545,T1XX-1,T1XX-1,HDS503,exclusive,cN·m,True,OK,31,8,OK,OK,OK,70,82,95,83.8,0,0,0,802,0000010046,True,True,True,True,DEMO_RAW
2026-07-21 07:57:59,2026-07-21 07:57:59,0061,001,0231,ASG_07,Upper Case To Lower Case,24001-08-04,DEMO,4545,T1XX-1|T1XX-2,T1XX-1,HUD07,shared,cN·m,True,OK,31,8,OK,OK,OK,85,100,115,97.1,0,0,0,969,0000010047,True,True,True,True,DEMO_RAW
2026-07-21 07:58:59,2026-07-21 07:58:59,0061,001,0231,ASG_01,Heatsink Assy & Screwing,24001-09-05,DEMO,4545,T1XX-1|T1XX-2,T1XX-1,HDS302,shared,cN·m,True,OK,31,9,OK,OK,OK,80,95,110,94.0,0,0,0,781,0000010048,True,True,True,True,DEMO_RAW
2026-07-21 07:58:59,2026-07-21 07:58:59,0061,001,0231,ASG_02,Heatsink Assy to Lower Case,24001-05-04,DEMO,4545,T1XX-1|T1XX-2,T1XX-1,HUD02,shared,cN·m,True,OK,31,9,OK,OK,OK,90,103,118,101.7,0,0,0,844,0000010049,True,True,True,True,DEMO_RAW
2026-07-21 07:58:59,2026-07-21 07:58:59,0061,001,0231,ASG_04,Rear Cover / PCB Cover,24001-07-04,DEMO,4545,T1XX-1|T1XX-2,T1XX-1,HUD05,shared,cN·m,True,OK,31,9,OK,OK,OK,85,100,115,100.3,0,0,0,912,0000010050,True,True,True,True,DEMO_RAW
2026-07-21 07:58:59,2026-07-21 07:58:59,0061,001,0231,ASG_05,Flat Mirror Assy,24001-06-04,DEMO,4545,T1XX-1,T1XX-1,HUD06,exclusive,cN·m,True,OK,31,9,OK,OK,OK,80,90,105,90.3,0,0,0,729,0000010051,True,True,True,True,DEMO_RAW
2026-07-21 07:58:59,2026-07-21 07:58:59,0061,001,0231,ASG_06,Sunlight Sensor,24001-10-04,DEMO,4545,T1XX-1,T1XX-1,HDS503,exclusive,cN·m,True,OK,31,9,OK,OK,OK,70,82,95,84.6,0,0,0,789,0000010052,True,True,True,True,DEMO_RAW
2026-07-21 07:58:59,2026-07-21 07:58:59,0061,001,0231,ASG_07,Upper Case To Lower Case,24001-08-04,DEMO,4545,T1XX-1|T1XX-2,T1XX-1,HUD07,shared,cN·m,True,OK,31,9,OK,OK,OK,85,100,115,101.7,0,0,0,1032,0000010053,True,True,True,True,DEMO_RAW
2026-07-21 07:59:59,2026-07-21 07:59:59,0061,001,0231,ASG_01,Heatsink Assy & Screwing,24001-09-05,DEMO,4545,T1XX-1|T1XX-2,T1XX-1,HDS302,shared,cN·m,True,OK,31,10,OK,OK,OK,80,95,110,98.0,0,0,0,869,0000010054,True,True,True,True,DEMO_RAW
2026-07-21 07:59:59,2026-07-21 07:59:59,0061,001,0231,ASG_02,Heatsink Assy to Lower Case,24001-05-04,DEMO,4545,T1XX-1|T1XX-2,T1XX-1,HUD02,shared,cN·m,True,OK,31,10,OK,OK,OK,90,103,118,104.4,0,0,0,803,0000010055,True,True,True,True,DEMO_RAW
2026-07-21 07:59:59,2026-07-21 07:59:59,0061,001,0231,ASG_04,Rear Cover / PCB Cover,24001-07-04,DEMO,4545,T1XX-1|T1XX-2,T1XX-1,HUD05,shared,cN·m,True,OK,31,10,OK,OK,OK,85,100,115,104.5,0,0,0,848,0000010056,True,True,True,True,DEMO_RAW
2026-07-21 07:59:59,2026-07-21 07:59:59,0061,001,0231,ASG_05,Flat Mirror Assy,24001-06-04,DEMO,4545,T1XX-1,T1XX-1,HUD06,exclusive,cN·m,True,OK,31,10,OK,OK,OK,80,90,105,89.6,0,0,0,785,0000010057,True,True,True,True,DEMO_RAW
2026-07-21 07:59:59,2026-07-21 07:59:59,0061,001,0231,ASG_06,Sunlight Sensor,24001-10-04,DEMO,4545,T1XX-1,T1XX-1,HDS503,exclusive,cN·m,True,OK,31,10,OK,OK,OK,70,82,95,81.7,0,0,0,878,0000010058,True,True,True,True,DEMO_RAW
2026-07-21 07:59:59,2026-07-21 07:59:59,0061,001,0231,ASG_07,Upper Case To Lower Case,24001-08-04,DEMO,4545,T1XX-1|T1XX-2,T1XX-1,HUD07,shared,cN·m,True,OK,31,10,OK,OK,OK,85,100,115,97.8,0,0,0,864,0000010059,True,True,True,True,DEMO_RAW
2026-07-21 08:00:59,2026-07-21 08:00:59,0061,001,0231,ASG_01,Heatsink Assy & Screwing,24001-09-05,DEMO,4545,T1XX-1|T1XX-2,T1XX-1,HDS302,shared,cN·m,True,OK,31,11,OK,OK,OK,80,95,110,97.2,0,0,0,807,0000010060,True,True,True,True,DEMO_RAW
2026-07-21 08:00:59,2026-07-21 08:00:59,0061,001,0231,ASG_02,Heatsink Assy to Lower Case,24001-05-04,DEMO,4545,T1XX-1|T1XX-2,T1XX-1,HUD02,shared,cN·m,True,OK,31,11,OK,OK,OK,90,103,118,108.0,0,0,0,920,0000010061,True,True,True,True,DEMO_RAW
2026-07-21 08:00:59,2026-07-21 08:00:59,0061,001,0231,ASG_04,Rear Cover / PCB Cover,24001-07-04,DEMO,4545,T1XX-1|T1XX-2,T1XX-1,HUD05,shared,cN·m,True,OK,31,11,OK,OK,OK,85,100,115,100.7,0,0,0,715,0000010062,True,True,True,True,DEMO_RAW
2026-07-21 08:00:59,2026-07-21 08:00:59,0061,001,0231,ASG_05,Flat Mirror Assy,24001-06-04,DEMO,4545,T1XX-1,T1XX-1,HUD06,exclusive,cN·m,True,OK,31,11,OK,OK,OK,80,90,105,90.3,0,0,0,876,0000010063,True,True,True,True,DEMO_RAW
2026-07-21 08:00:59,2026-07-21 08:00:59,0061,001,0231,ASG_06,Sunlight Sensor,24001-10-04,DEMO,4545,T1XX-1,T1XX-1,HDS503,exclusive,cN·m,True,OK,31,11,OK,OK,OK,70,82,95,79.6,0,0,0,935,0000010064,True,True,True,True,DEMO_RAW
2026-07-21 08:00:59,2026-07-21 08:00:59,0061,001,0231,ASG_07,Upper Case To Lower Case,24001-08-04,DEMO,4545,T1XX-1|T1XX-2,T1XX-1,HUD07,shared,cN·m,True,OK,31,11,OK,OK,OK,85,100,115,99.6,0,0,0,925,0000010065,True,True,True,True,DEMO_RAW
2026-07-21 08:01:59,2026-07-21 08:01:59,0061,001,0231,ASG_01,Heatsink Assy & Screwing,24001-09-05,DEMO,4545,T1XX-1|T1XX-2,T1XX-1,HDS302,shared,cN·m,True,OK,31,12,OK,OK,OK,80,95,110,91.8,0,0,0,881,0000010066,True,True,True,True,DEMO_RAW
2026-07-21 08:01:59,2026-07-21 08:01:59,0061,001,0231,ASG_02,Heatsink Assy to Lower Case,24001-05-04,DEMO,4545,T1XX-1|T1XX-2,T1XX-1,HUD02,shared,cN·m,True,OK,31,12,OK,OK,OK,90,103,118,101.0,0,0,0,834,0000010067,True,True,True,True,DEMO_RAW
2026-07-21 08:01:59,2026-07-21 08:01:59,0061,001,0231,ASG_04,Rear Cover / PCB Cover,24001-07-04,DEMO,4545,T1XX-1|T1XX-2,T1XX-1,HUD05,shared,cN·m,True,OK,31,12,OK,OK,OK,85,100,115,100.6,0,0,0,841,0000010068,True,True,True,True,DEMO_RAW
2026-07-21 08:01:59,2026-07-21 08:01:59,0061,001,0231,ASG_05,Flat Mirror Assy,24001-06-04,DEMO,4545,T1XX-1,T1XX-1,HUD06,exclusive,cN·m,True,OK,31,12,OK,OK,OK,80,90,105,89.0,0,0,0,840,0000010069,True,True,True,True,DEMO_RAW
2026-07-21 08:01:59,2026-07-21 08:01:59,0061,001,0231,ASG_06,Sunlight Sensor,24001-10-04,DEMO,4545,T1XX-1,T1XX-1,HDS503,exclusive,cN·m,True,OK,31,12,OK,OK,OK,70,82,95,79.5,0,0,0,759,0000010070,True,True,True,True,DEMO_RAW
2026-07-21 08:01:59,2026-07-21 08:01:59,0061,001,0231,ASG_07,Upper Case To Lower Case,24001-08-04,DEMO,4545,T1XX-1|T1XX-2,T1XX-1,HUD07,shared,cN·m,True,OK,31,12,OK,OK,OK,85,100,115,97.7,0,0,0,866,0000010071,True,True,True,True,DEMO_RAW
2026-07-21 08:02:59,2026-07-21 08:02:59,0061,001,0231,ASG_01,Heatsink Assy & Screwing,24001-09-05,DEMO,4545,T1XX-1|T1XX-2,T1XX-1,HDS302,shared,cN·m,True,OK,31,13,OK,OK,OK,80,95,110,94.5,0,0,0,899,0000010072,True,True,True,True,DEMO_RAW
2026-07-21 08:02:59,2026-07-21 08:02:59,0061,001,0231,ASG_02,Heatsink Assy to Lower Case,24001-05-04,DEMO,4545,T1XX-1|T1XX-2,T1XX-1,HUD02,shared,cN·m,True,OK,31,13,OK,OK,OK,90,103,118,102.4,0,0,0,922,0000010073,True,True,True,True,DEMO_RAW
2026-07-21 08:02:59,2026-07-21 08:02:59,0061,001,0231,ASG_04,Rear Cover / PCB Cover,24001-07-04,DEMO,4545,T1XX-1|T1XX-2,T1XX-1,HUD05,shared,cN·m,True,OK,31,13,OK,OK,OK,85,100,115,98.7,0,0,0,812,0000010074,True,True,True,True,DEMO_RAW
2026-07-21 08:02:59,2026-07-21 08:02:59,0061,001,0231,ASG_05,Flat Mirror Assy,24001-06-04,DEMO,4545,T1XX-1,T1XX-1,HUD06,exclusive,cN·m,True,OK,31,13,OK,OK,OK,80,90,105,93.8,0,0,0,803,0000010075,True,True,True,True,DEMO_RAW
2026-07-21 08:02:59,2026-07-21 08:02:59,0061,001,0231,ASG_06,Sunlight Sensor,24001-10-04,DEMO,4545,T1XX-1,T1XX-1,HDS503,exclusive,cN·m,True,OK,31,13,OK,OK,OK,70,82,95,83.2,0,0,0,857,0000010076,True,True,True,True,DEMO_RAW
2026-07-21 08:02:59,2026-07-21 08:02:59,0061,001,0231,ASG_07,Upper Case To Lower Case,24001-08-04,DEMO,4545,T1XX-1|T1XX-2,T1XX-1,HUD07,shared,cN·m,True,OK,31,13,OK,OK,OK,85,100,115,100.8,0,0,0,853,0000010077,True,True,True,True,DEMO_RAW
2026-07-21 08:03:59,2026-07-21 08:03:59,0061,001,0231,ASG_01,Heatsink Assy & Screwing,24001-09-05,DEMO,4545,T1XX-1|T1XX-2,T1XX-1,HDS302,shared,cN·m,True,OK,31,14,OK,OK,OK,80,95,110,95.7,0,0,0,909,0000010078,True,True,True,True,DEMO_RAW
2026-07-21 08:03:59,2026-07-21 08:03:59,0061,001,0231,ASG_02,Heatsink Assy to Lower Case,24001-05-04,DEMO,4545,T1XX-1|T1XX-2,T1XX-1,HUD02,shared,cN·m,True,OK,31,14,OK,OK,OK,90,103,118,105.2,0,0,0,1026,0000010079,True,True,True,True,DEMO_RAW
2026-07-21 08:03:59,2026-07-21 08:03:59,0061,001,0231,ASG_04,Rear Cover / PCB Cover,24001-07-04,DEMO,4545,T1XX-1|T1XX-2,T1XX-1,HUD05,shared,cN·m,True,OK,31,14,OK,OK,OK,85,100,115,100.0,0,0,0,819,0000010080,True,True,True,True,DEMO_RAW
2026-07-21 08:03:59,2026-07-21 08:03:59,0061,001,0231,ASG_05,Flat Mirror Assy,24001-06-04,DEMO,4545,T1XX-1,T1XX-1,HUD06,exclusive,cN·m,True,OK,31,14,OK,OK,OK,80,90,105,93.0,0,0,0,803,0000010081,True,True,True,True,DEMO_RAW
2026-07-21 08:03:59,2026-07-21 08:03:59,0061,001,0231,ASG_06,Sunlight Sensor,24001-10-04,DEMO,4545,T1XX-1,T1XX-1,HDS503,exclusive,cN·m,True,OK,31,14,OK,OK,OK,70,82,95,81.3,0,0,0,720,0000010082,True,True,True,True,DEMO_RAW
2026-07-21 08:03:59,2026-07-21 08:03:59,0061,001,0231,ASG_07,Upper Case To Lower Case,24001-08-04,DEMO,4545,T1XX-1|T1XX-2,T1XX-1,HUD07,shared,cN·m,True,OK,31,14,OK,OK,OK,85,100,115,101.7,0,0,0,849,0000010083,True,True,True,True,DEMO_RAW
2026-07-21 08:04:59,2026-07-21 08:04:59,0061,001,0231,ASG_01,Heatsink Assy & Screwing,24001-09-05,DEMO,4545,T1XX-1|T1XX-2,T1XX-1,HDS302,shared,cN·m,True,OK,31,15,OK,OK,OK,80,95,110,96.1,0,0,0,914,0000010084,True,True,True,True,DEMO_RAW
2026-07-21 08:04:59,2026-07-21 08:04:59,0061,001,0231,ASG_02,Heatsink Assy to Lower Case,24001-05-04,DEMO,4545,T1XX-1|T1XX-2,T1XX-1,HUD02,shared,cN·m,True,OK,31,15,OK,OK,OK,90,103,118,103.7,0,0,0,776,0000010085,True,True,True,True,DEMO_RAW
2026-07-21 08:04:59,2026-07-21 08:04:59,0061,001,0231,ASG_04,Rear Cover / PCB Cover,24001-07-04,DEMO,4545,T1XX-1|T1XX-2,T1XX-1,HUD05,shared,cN·m,True,OK,31,15,OK,OK,OK,85,100,115,100.1,0,0,0,911,0000010086,True,True,True,True,DEMO_RAW
2026-07-21 08:04:59,2026-07-21 08:04:59,0061,001,0231,ASG_05,Flat Mirror Assy,24001-06-04,DEMO,4545,T1XX-1,T1XX-1,HUD06,exclusive,cN·m,True,OK,31,15,OK,OK,OK,80,90,105,89.4,0,0,0,937,0000010087,True,True,True,True,DEMO_RAW
2026-07-21 08:04:59,2026-07-21 08:04:59,0061,001,0231,ASG_06,Sunlight Sensor,24001-10-04,DEMO,4545,T1XX-1,T1XX-1,HDS503,exclusive,cN·m,True,OK,31,15,OK,OK,OK,70,82,95,84.8,0,0,0,923,0000010088,True,True,True,True,DEMO_RAW
2026-07-21 08:04:59,2026-07-21 08:04:59,0061,001,0231,ASG_07,Upper Case To Lower Case,24001-08-04,DEMO,4545,T1XX-1|T1XX-2,T1XX-1,HUD07,shared,cN·m,True,OK,31,15,OK,OK,OK,85,100,115,99.6,0,0,0,914,0000010089,True,True,True,True,DEMO_RAW
2026-07-21 08:05:59,2026-07-21 08:05:59,0061,001,0231,ASG_01,Heatsink Assy & Screwing,24001-09-05,DEMO,4545,T1XX-1|T1XX-2,T1XX-1,HDS302,shared,cN·m,True,OK,31,16,OK,OK,OK,80,95,110,99.3,0,0,0,1098,0000010090,True,True,True,True,DEMO_RAW
2026-07-21 08:05:59,2026-07-21 08:05:59,0061,001,0231,ASG_02,Heatsink Assy to Lower Case,24001-05-04,DEMO,4545,T1XX-1|T1XX-2,T1XX-1,HUD02,shared,cN·m,True,OK,31,16,OK,OK,OK,90,103,118,100.7,0,0,0,828,0000010091,True,True,True,True,DEMO_RAW
2026-07-21 08:05:59,2026-07-21 08:05:59,0061,001,0231,ASG_04,Rear Cover / PCB Cover,24001-07-04,DEMO,4545,T1XX-1|T1XX-2,T1XX-1,HUD05,shared,cN·m,True,OK,31,16,OK,OK,OK,85,100,115,101.2,0,0,0,741,0000010092,True,True,True,True,DEMO_RAW
2026-07-21 08:05:59,2026-07-21 08:05:59,0061,001,0231,ASG_05,Flat Mirror Assy,24001-06-04,DEMO,4545,T1XX-1,T1XX-1,HUD06,exclusive,cN·m,True,OK,31,16,OK,OK,OK,80,90,105,92.9,0,0,0,639,0000010093,True,True,True,True,DEMO_RAW
2026-07-21 08:05:59,2026-07-21 08:05:59,0061,001,0231,ASG_06,Sunlight Sensor,24001-10-04,DEMO,4545,T1XX-1,T1XX-1,HDS503,exclusive,cN·m,True,OK,31,16,OK,OK,OK,70,82,95,80.5,0,0,0,807,0000010094,True,True,True,True,DEMO_RAW
2026-07-21 08:05:59,2026-07-21 08:05:59,0061,001,0231,ASG_07,Upper Case To Lower Case,24001-08-04,DEMO,4545,T1XX-1|T1XX-2,T1XX-1,HUD07,shared,cN·m,True,OK,31,16,OK,OK,OK,85,100,115,103.3,0,0,0,828,0000010095,True,True,True,True,DEMO_RAW
2026-07-21 08:06:59,2026-07-21 08:06:59,0061,001,0231,ASG_01,Heatsink Assy & Screwing,24001-09-05,DEMO,4545,T1XX-1|T1XX-2,T1XX-1,HDS302,shared,cN·m,True,OK,31,17,OK,OK,OK,80,95,110,94.3,0,0,0,758,0000010096,True,True,True,True,DEMO_RAW
2026-07-21 08:06:59,2026-07-21 08:06:59,0061,001,0231,ASG_02,Heatsink Assy to Lower Case,24001-05-04,DEMO,4545,T1XX-1|T1XX-2,T1XX-1,HUD02,shared,cN·m,True,OK,31,17,OK,OK,OK,90,103,118,102.7,0,0,0,911,0000010097,True,True,True,True,DEMO_RAW
2026-07-21 08:06:59,2026-07-21 08:06:59,0061,001,0231,ASG_04,Rear Cover / PCB Cover,24001-07-04,DEMO,4545,T1XX-1|T1XX-2,T1XX-1,HUD05,shared,cN·m,True,OK,31,17,OK,OK,OK,85,100,115,101.4,0,0,0,743,0000010098,True,True,True,True,DEMO_RAW
2026-07-21 08:06:59,2026-07-21 08:06:59,0061,001,0231,ASG_05,Flat Mirror Assy,24001-06-04,DEMO,4545,T1XX-1,T1XX-1,HUD06,exclusive,cN·m,True,OK,31,17,OK,OK,OK,80,90,105,88.5,0,0,0,927,0000010099,True,True,True,True,DEMO_RAW
2026-07-21 08:06:59,2026-07-21 08:06:59,0061,001,0231,ASG_06,Sunlight Sensor,24001-10-04,DEMO,4545,T1XX-1,T1XX-1,HDS503,exclusive,cN·m,True,OK,31,17,OK,OK,OK,70,82,95,79.1,0,0,0,839,0000010100,True,True,True,True,DEMO_RAW
2026-07-21 08:06:59,2026-07-21 08:06:59,0061,001,0231,ASG_07,Upper Case To Lower Case,24001-08-04,DEMO,4545,T1XX-1|T1XX-2,T1XX-1,HUD07,shared,cN·m,True,OK,31,17,OK,OK,OK,85,100,115,102.6,0,0,0,937,0000010101,True,True,True,True,DEMO_RAW
2026-07-21 08:07:59,2026-07-21 08:07:59,0061,001,0231,ASG_01,Heatsink Assy & Screwing,24001-09-05,DEMO,4545,T1XX-1|T1XX-2,T1XX-1,HDS302,shared,cN·m,True,OK,31,18,OK,OK,OK,80,95,110,97.5,0,0,0,836,0000010102,True,True,True,True,DEMO_RAW
2026-07-21 08:07:59,2026-07-21 08:07:59,0061,001,0231,ASG_02,Heatsink Assy to Lower Case,24001-05-04,DEMO,4545,T1XX-1|T1XX-2,T1XX-1,HUD02,shared,cN·m,True,OK,31,18,OK,OK,OK,90,103,118,102.2,0,0,0,791,0000010103,True,True,True,True,DEMO_RAW
2026-07-21 08:07:59,2026-07-21 08:07:59,0061,001,0231,ASG_04,Rear Cover / PCB Cover,24001-07-04,DEMO,4545,T1XX-1|T1XX-2,T1XX-1,HUD05,shared,cN·m,True,OK,31,18,OK,OK,OK,85,100,115,97.0,0,0,0,926,0000010104,True,True,True,True,DEMO_RAW
2026-07-21 08:07:59,2026-07-21 08:07:59,0061,001,0231,ASG_05,Flat Mirror Assy,24001-06-04,DEMO,4545,T1XX-1,T1XX-1,HUD06,exclusive,cN·m,True,OK,31,18,OK,OK,OK,80,90,105,91.9,0,0,0,1068,0000010105,True,True,True,True,DEMO_RAW
2026-07-21 08:07:59,2026-07-21 08:07:59,0061,001,0231,ASG_06,Sunlight Sensor,24001-10-04,DEMO,4545,T1XX-1,T1XX-1,HDS503,exclusive,cN·m,True,OK,31,18,OK,OK,OK,70,82,95,81.7,0,0,0,881,0000010106,True,True,True,True,DEMO_RAW
2026-07-21 08:07:59,2026-07-21 08:07:59,0061,001,0231,ASG_07,Upper Case To Lower Case,24001-08-04,DEMO,4545,T1XX-1|T1XX-2,T1XX-1,HUD07,shared,cN·m,True,OK,31,18,OK,OK,OK,85,100,115,104.3,0,0,0,821,0000010107,True,True,True,True,DEMO_RAW
2026-07-21 08:08:59,2026-07-21 08:08:59,0061,001,0231,ASG_01,Heatsink Assy & Screwing,24001-09-05,DEMO,4545,T1XX-1|T1XX-2,T1XX-1,HDS302,shared,cN·m,True,OK,31,19,OK,OK,OK,80,95,110,92.9,0,0,0,696,0000010108,True,True,True,True,DEMO_RAW
2026-07-21 08:08:59,2026-07-21 08:08:59,0061,001,0231,ASG_02,Heatsink Assy to Lower Case,24001-05-04,DEMO,4545,T1XX-1|T1XX-2,T1XX-1,HUD02,shared,cN·m,True,OK,31,19,OK,OK,OK,90,103,118,104.2,0,0,0,767,0000010109,True,True,True,True,DEMO_RAW
2026-07-21 08:08:59,2026-07-21 08:08:59,0061,001,0231,ASG_04,Rear Cover / PCB Cover,24001-07-04,DEMO,4545,T1XX-1|T1XX-2,T1XX-1,HUD05,shared,cN·m,True,OK,31,19,OK,OK,OK,85,100,115,100.8,0,0,0,874,0000010110,True,True,True,True,DEMO_RAW
2026-07-21 08:08:59,2026-07-21 08:08:59,0061,001,0231,ASG_05,Flat Mirror Assy,24001-06-04,DEMO,4545,T1XX-1,T1XX-1,HUD06,exclusive,cN·m,True,OK,31,19,OK,OK,OK,80,90,105,88.8,0,0,0,939,0000010111,True,True,True,True,DEMO_RAW
2026-07-21 08:08:59,2026-07-21 08:08:59,0061,001,0231,ASG_06,Sunlight Sensor,24001-10-04,DEMO,4545,T1XX-1,T1XX-1,HDS503,exclusive,cN·m,True,OK,31,19,OK,OK,OK,70,82,95,81.4,0,0,0,791,0000010112,True,True,True,True,DEMO_RAW
2026-07-21 08:08:59,2026-07-21 08:08:59,0061,001,0231,ASG_07,Upper Case To Lower Case,24001-08-04,DEMO,4545,T1XX-1|T1XX-2,T1XX-1,HUD07,shared,cN·m,True,OK,31,19,OK,OK,OK,85,100,115,99.9,0,0,0,771,0000010113,True,True,True,True,DEMO_RAW
2026-07-21 08:09:59,2026-07-21 08:09:59,0061,001,0231,ASG_01,Heatsink Assy & Screwing,24001-09-05,DEMO,4545,T1XX-1|T1XX-2,T1XX-1,HDS302,shared,cN·m,True,OK,31,20,OK,OK,OK,80,95,110,97.3,0,0,0,831,0000010114,True,True,True,True,DEMO_RAW
2026-07-21 08:09:59,2026-07-21 08:09:59,0061,001,0231,ASG_02,Heatsink Assy to Lower Case,24001-05-04,DEMO,4545,T1XX-1|T1XX-2,T1XX-1,HUD02,shared,cN·m,True,OK,31,20,OK,OK,OK,90,103,118,102.0,0,0,0,730,0000010115,True,True,True,True,DEMO_RAW
2026-07-21 08:09:59,2026-07-21 08:09:59,0061,001,0231,ASG_04,Rear Cover / PCB Cover,24001-07-04,DEMO,4545,T1XX-1|T1XX-2,T1XX-1,HUD05,shared,cN·m,True,OK,31,20,OK,OK,OK,85,100,115,100.9,0,0,0,795,0000010116,True,True,True,True,DEMO_RAW
2026-07-21 08:09:59,2026-07-21 08:09:59,0061,001,0231,ASG_05,Flat Mirror Assy,24001-06-04,DEMO,4545,T1XX-1,T1XX-1,HUD06,exclusive,cN·m,True,OK,31,20,OK,OK,OK,80,90,105,90.0,0,0,0,860,0000010117,True,True,True,True,DEMO_RAW
2026-07-21 08:09:59,2026-07-21 08:09:59,0061,001,0231,ASG_06,Sunlight Sensor,24001-10-04,DEMO,4545,T1XX-1,T1XX-1,HDS503,exclusive,cN·m,True,OK,31,20,OK,OK,OK,70,82,95,80.6,0,0,0,815,0000010118,True,True,True,True,DEMO_RAW
2026-07-21 08:09:59,2026-07-21 08:09:59,0061,001,0231,ASG_07,Upper Case To Lower Case,24001-08-04,DEMO,4545,T1XX-1|T1XX-2,T1XX-1,HUD07,shared,cN·m,True,OK,31,20,OK,OK,OK,85,100,115,98.1,0,0,0,760,0000010119,True,True,True,True,DEMO_RAW
2026-07-21 08:10:59,2026-07-21 08:10:59,0061,001,0231,ASG_01,Heatsink Assy & Screwing,24001-09-05,DEMO,4545,T1XX-1|T1XX-2,T1XX-1,HDS302,shared,cN·m,True,OK,31,21,OK,OK,OK,80,95,110,95.3,0,0,0,845,0000010120,True,True,True,True,DEMO_RAW
2026-07-21 08:10:59,2026-07-21 08:10:59,0061,001,0231,ASG_02,Heatsink Assy to Lower Case,24001-05-04,DEMO,4545,T1XX-1|T1XX-2,T1XX-1,HUD02,shared,cN·m,True,OK,31,21,OK,OK,OK,90,103,118,100.8,0,0,0,746,0000010121,True,True,True,True,DEMO_RAW
2026-07-21 08:10:59,2026-07-21 08:10:59,0061,001,0231,ASG_04,Rear Cover / PCB Cover,24001-07-04,DEMO,4545,T1XX-1|T1XX-2,T1XX-1,HUD05,shared,cN·m,True,OK,31,21,OK,OK,OK,85,100,115,99.4,0,0,0,811,0000010122,True,True,True,True,DEMO_RAW
2026-07-21 08:10:59,2026-07-21 08:10:59,0061,001,0231,ASG_05,Flat Mirror Assy,24001-06-04,DEMO,4545,T1XX-1,T1XX-1,HUD06,exclusive,cN·m,True,OK,31,21,OK,OK,OK,80,90,105,90.1,0,0,0,910,0000010123,True,True,True,True,DEMO_RAW
2026-07-21 08:10:59,2026-07-21 08:10:59,0061,001,0231,ASG_06,Sunlight Sensor,24001-10-04,DEMO,4545,T1XX-1,T1XX-1,HDS503,exclusive,cN·m,True,OK,31,21,OK,OK,OK,70,82,95,81.2,0,0,0,761,0000010124,True,True,True,True,DEMO_RAW
2026-07-21 08:10:59,2026-07-21 08:10:59,0061,001,0231,ASG_07,Upper Case To Lower Case,24001-08-04,DEMO,4545,T1XX-1|T1XX-2,T1XX-1,HUD07,shared,cN·m,True,OK,31,21,OK,OK,OK,85,100,115,98.2,0,0,0,836,0000010125,True,True,True,True,DEMO_RAW
2026-07-21 08:11:59,2026-07-21 08:11:59,0061,001,0231,ASG_01,Heatsink Assy & Screwing,24001-09-05,DEMO,4545,T1XX-1|T1XX-2,T1XX-1,HDS302,shared,cN·m,True,OK,31,22,OK,OK,OK,80,95,110,94.9,0,0,0,765,0000010126,True,True,True,True,DEMO_RAW
2026-07-21 08:11:59,2026-07-21 08:11:59,0061,001,0231,ASG_02,Heatsink Assy to Lower Case,24001-05-04,DEMO,4545,T1XX-1|T1XX-2,T1XX-1,HUD02,shared,cN·m,True,OK,31,22,OK,OK,OK,90,103,118,100.8,0,0,0,864,0000010127,True,True,True,True,DEMO_RAW
2026-07-21 08:11:59,2026-07-21 08:11:59,0061,001,0231,ASG_04,Rear Cover / PCB Cover,24001-07-04,DEMO,4545,T1XX-1|T1XX-2,T1XX-1,HUD05,shared,cN·m,True,OK,31,22,OK,OK,OK,85,100,115,102.6,0,0,0,851,0000010128,True,True,True,True,DEMO_RAW
2026-07-21 08:11:59,2026-07-21 08:11:59,0061,001,0231,ASG_05,Flat Mirror Assy,24001-06-04,DEMO,4545,T1XX-1,T1XX-1,HUD06,exclusive,cN·m,True,OK,31,22,OK,OK,OK,80,90,105,89.0,0,0,0,688,0000010129,True,True,True,True,DEMO_RAW
2026-07-21 08:11:59,2026-07-21 08:11:59,0061,001,0231,ASG_06,Sunlight Sensor,24001-10-04,DEMO,4545,T1XX-1,T1XX-1,HDS503,exclusive,cN·m,True,OK,31,22,OK,OK,OK,70,82,95,82.5,0,0,0,772,0000010130,True,True,True,True,DEMO_RAW
2026-07-21 08:11:59,2026-07-21 08:11:59,0061,001,0231,ASG_07,Upper Case To Lower Case,24001-08-04,DEMO,4545,T1XX-1|T1XX-2,T1XX-1,HUD07,shared,cN·m,True,OK,31,22,OK,OK,OK,85,100,115,104.9,0,0,0,818,0000010131,True,True,True,True,DEMO_RAW
2026-07-21 08:12:59,2026-07-21 08:12:59,0061,001,0231,ASG_01,Heatsink Assy & Screwing,24001-09-05,DEMO,4545,T1XX-1|T1XX-2,T1XX-1,HDS302,shared,cN·m,True,OK,31,23,OK,OK,OK,80,95,110,96.3,0,0,0,839,0000010132,True,True,True,True,DEMO_RAW
2026-07-21 08:12:59,2026-07-21 08:12:59,0061,001,0231,ASG_02,Heatsink Assy to Lower Case,24001-05-04,DEMO,4545,T1XX-1|T1XX-2,T1XX-1,HUD02,shared,cN·m,True,OK,31,23,OK,OK,OK,90,103,118,101.9,0,0,0,750,0000010133,True,True,True,True,DEMO_RAW
2026-07-21 08:12:59,2026-07-21 08:12:59,0061,001,0231,ASG_04,Rear Cover / PCB Cover,24001-07-04,DEMO,4545,T1XX-1|T1XX-2,T1XX-1,HUD05,shared,cN·m,True,OK,31,23,OK,OK,OK,85,100,115,97.3,0,0,0,777,0000010134,True,True,True,True,DEMO_RAW
2026-07-21 08:12:59,2026-07-21 08:12:59,0061,001,0231,ASG_05,Flat Mirror Assy,24001-06-04,DEMO,4545,T1XX-1,T1XX-1,HUD06,exclusive,cN·m,True,OK,31,23,OK,OK,OK,80,90,105,88.4,0,0,0,830,0000010135,True,True,True,True,DEMO_RAW
2026-07-21 08:12:59,2026-07-21 08:12:59,0061,001,0231,ASG_06,Sunlight Sensor,24001-10-04,DEMO,4545,T1XX-1,T1XX-1,HDS503,exclusive,cN·m,True,OK,31,23,OK,OK,OK,70,82,95,81.9,0,0,0,924,0000010136,True,True,True,True,DEMO_RAW
2026-07-21 08:12:59,2026-07-21 08:12:59,0061,001,0231,ASG_07,Upper Case To Lower Case,24001-08-04,DEMO,4545,T1XX-1|T1XX-2,T1XX-1,HUD07,shared,cN·m,True,OK,31,23,OK,OK,OK,85,100,115,101.8,0,0,0,682,0000010137,True,True,True,True,DEMO_RAW
2026-07-21 08:13:59,2026-07-21 08:13:59,0061,001,0231,ASG_01,Heatsink Assy & Screwing,24001-09-05,DEMO,4545,T1XX-1|T1XX-2,T1XX-1,HDS302,shared,cN·m,True,OK,31,24,OK,OK,OK,80,95,110,96.3,0,0,0,742,0000010138,True,True,True,True,DEMO_RAW
2026-07-21 08:13:59,2026-07-21 08:13:59,0061,001,0231,ASG_02,Heatsink Assy to Lower Case,24001-05-04,DEMO,4545,T1XX-1|T1XX-2,T1XX-1,HUD02,shared,cN·m,True,OK,31,24,OK,OK,OK,90,103,118,102.5,0,0,0,714,0000010139,True,True,True,True,DEMO_RAW
2026-07-21 08:13:59,2026-07-21 08:13:59,0061,001,0231,ASG_04,Rear Cover / PCB Cover,24001-07-04,DEMO,4545,T1XX-1|T1XX-2,T1XX-1,HUD05,shared,cN·m,True,OK,31,24,OK,OK,OK,85,100,115,102.1,0,0,0,816,0000010140,True,True,True,True,DEMO_RAW
2026-07-21 08:13:59,2026-07-21 08:13:59,0061,001,0231,ASG_05,Flat Mirror Assy,24001-06-04,DEMO,4545,T1XX-1,T1XX-1,HUD06,exclusive,cN·m,True,OK,31,24,OK,OK,OK,80,90,105,89.9,0,0,0,767,0000010141,True,True,True,True,DEMO_RAW
2026-07-21 08:13:59,2026-07-21 08:13:59,0061,001,0231,ASG_06,Sunlight Sensor,24001-10-04,DEMO,4545,T1XX-1,T1XX-1,HDS503,exclusive,cN·m,True,OK,31,24,OK,OK,OK,70,82,95,82.7,0,0,0,1054,0000010142,True,True,True,True,DEMO_RAW
2026-07-21 08:13:59,2026-07-21 08:13:59,0061,001,0231,ASG_07,Upper Case To Lower Case,24001-08-04,DEMO,4545,T1XX-1|T1XX-2,T1XX-1,HUD07,shared,cN·m,True,OK,31,24,OK,OK,OK,85,100,115,102.9,0,0,0,851,0000010143,True,True,True,True,DEMO_RAW
2026-07-21 08:14:59,2026-07-21 08:14:59,0061,001,0231,ASG_01,Heatsink Assy & Screwing,24001-09-05,DEMO,4545,T1XX-1|T1XX-2,T1XX-1,HDS302,shared,cN·m,True,OK,31,25,OK,OK,OK,80,95,110,95.4,0,0,0,766,0000010144,True,True,True,True,DEMO_RAW
2026-07-21 08:14:59,2026-07-21 08:14:59,0061,001,0231,ASG_02,Heatsink Assy to Lower Case,24001-05-04,DEMO,4545,T1XX-1|T1XX-2,T1XX-1,HUD02,shared,cN·m,True,OK,31,25,OK,OK,OK,90,103,118,104.1,0,0,0,789,0000010145,True,True,True,True,DEMO_RAW
2026-07-21 08:14:59,2026-07-21 08:14:59,0061,001,0231,ASG_04,Rear Cover / PCB Cover,24001-07-04,DEMO,4545,T1XX-1|T1XX-2,T1XX-1,HUD05,shared,cN·m,True,OK,31,25,OK,OK,OK,85,100,115,100.2,0,0,0,659,0000010146,True,True,True,True,DEMO_RAW
2026-07-21 08:14:59,2026-07-21 08:14:59,0061,001,0231,ASG_05,Flat Mirror Assy,24001-06-04,DEMO,4545,T1XX-1,T1XX-1,HUD06,exclusive,cN·m,True,OK,31,25,OK,OK,OK,80,90,105,87.7,0,0,0,805,0000010147,True,True,True,True,DEMO_RAW
2026-07-21 08:14:59,2026-07-21 08:14:59,0061,001,0231,ASG_06,Sunlight Sensor,24001-10-04,DEMO,4545,T1XX-1,T1XX-1,HDS503,exclusive,cN·m,True,OK,31,25,OK,OK,OK,70,82,95,82.3,0,0,0,819,0000010148,True,True,True,True,DEMO_RAW
2026-07-21 08:14:59,2026-07-21 08:14:59,0061,001,0231,ASG_07,Upper Case To Lower Case,24001-08-04,DEMO,4545,T1XX-1|T1XX-2,T1XX-1,HUD07,shared,cN·m,True,OK,31,25,OK,OK,OK,85,100,115,102.0,0,0,0,831,0000010149,True,True,True,True,DEMO_RAW
2026-07-21 08:15:59,2026-07-21 08:15:59,0061,001,0231,ASG_01,Heatsink Assy & Screwing,24001-09-05,DEMO,4545,T1XX-1|T1XX-2,T1XX-1,HDS302,shared,cN·m,True,OK,31,26,OK,OK,OK,80,95,110,94.6,0,0,0,933,0000010150,True,True,True,True,DEMO_RAW
2026-07-21 08:15:59,2026-07-21 08:15:59,0061,001,0231,ASG_02,Heatsink Assy to Lower Case,24001-05-04,DEMO,4545,T1XX-1|T1XX-2,T1XX-1,HUD02,shared,cN·m,True,OK,31,26,OK,OK,OK,90,103,118,103.2,0,0,0,887,0000010151,True,True,True,True,DEMO_RAW
2026-07-21 08:15:59,2026-07-21 08:15:59,0061,001,0231,ASG_04,Rear Cover / PCB Cover,24001-07-04,DEMO,4545,T1XX-1|T1XX-2,T1XX-1,HUD05,shared,cN·m,True,OK,31,26,OK,OK,OK,85,100,115,103.2,0,0,0,793,0000010152,True,True,True,True,DEMO_RAW
2026-07-21 08:15:59,2026-07-21 08:15:59,0061,001,0231,ASG_05,Flat Mirror Assy,24001-06-04,DEMO,4545,T1XX-1,T1XX-1,HUD06,exclusive,cN·m,True,OK,31,26,OK,OK,OK,80,90,105,87.7,0,0,0,728,0000010153,True,True,True,True,DEMO_RAW
2026-07-21 08:15:59,2026-07-21 08:15:59,0061,001,0231,ASG_06,Sunlight Sensor,24001-10-04,DEMO,4545,T1XX-1,T1XX-1,HDS503,exclusive,cN·m,True,OK,31,26,OK,OK,OK,70,82,95,83.7,0,0,0,875,0000010154,True,True,True,True,DEMO_RAW
2026-07-21 08:15:59,2026-07-21 08:15:59,0061,001,0231,ASG_07,Upper Case To Lower Case,24001-08-04,DEMO,4545,T1XX-1|T1XX-2,T1XX-1,HUD07,shared,cN·m,True,OK,31,26,OK,OK,OK,85,100,115,100.3,0,0,0,849,0000010155,True,True,True,True,DEMO_RAW
2026-07-21 08:16:59,2026-07-21 08:16:59,0061,001,0231,ASG_01,Heatsink Assy & Screwing,24001-09-05,DEMO,4545,T1XX-1|T1XX-2,T1XX-1,HDS302,shared,cN·m,True,OK,31,27,OK,OK,OK,80,95,110,95.9,0,0,0,878,0000010156,True,True,True,True,DEMO_RAW
2026-07-21 08:16:59,2026-07-21 08:16:59,0061,001,0231,ASG_02,Heatsink Assy to Lower Case,24001-05-04,DEMO,4545,T1XX-1|T1XX-2,T1XX-1,HUD02,shared,cN·m,True,OK,31,27,OK,OK,OK,90,103,118,106.1,0,0,0,865,0000010157,True,True,True,True,DEMO_RAW
2026-07-21 08:16:59,2026-07-21 08:16:59,0061,001,0231,ASG_04,Rear Cover / PCB Cover,24001-07-04,DEMO,4545,T1XX-1|T1XX-2,T1XX-1,HUD05,shared,cN·m,True,OK,31,27,OK,OK,OK,85,100,115,99.6,0,0,0,944,0000010158,True,True,True,True,DEMO_RAW
2026-07-21 08:16:59,2026-07-21 08:16:59,0061,001,0231,ASG_05,Flat Mirror Assy,24001-06-04,DEMO,4545,T1XX-1,T1XX-1,HUD06,exclusive,cN·m,True,OK,31,27,OK,OK,OK,80,90,105,86.8,0,0,0,820,0000010159,True,True,True,True,DEMO_RAW
2026-07-21 08:16:59,2026-07-21 08:16:59,0061,001,0231,ASG_06,Sunlight Sensor,24001-10-04,DEMO,4545,T1XX-1,T1XX-1,HDS503,exclusive,cN·m,True,OK,31,27,OK,OK,OK,70,82,95,80.3,0,0,0,844,0000010160,True,True,True,True,DEMO_RAW
2026-07-21 08:16:59,2026-07-21 08:16:59,0061,001,0231,ASG_07,Upper Case To Lower Case,24001-08-04,DEMO,4545,T1XX-1|T1XX-2,T1XX-1,HUD07,shared,cN·m,True,OK,31,27,OK,OK,OK,85,100,115,95.2,0,0,0,939,0000010161,True,True,True,True,DEMO_RAW
2026-07-21 08:17:59,2026-07-21 08:17:59,0061,001,0231,ASG_01,Heatsink Assy & Screwing,24001-09-05,DEMO,4545,T1XX-1|T1XX-2,T1XX-1,HDS302,shared,cN·m,True,OK,31,28,OK,OK,OK,80,95,110,94.7,0,0,0,793,0000010162,True,True,True,True,DEMO_RAW
2026-07-21 08:17:59,2026-07-21 08:17:59,0061,001,0231,ASG_02,Heatsink Assy to Lower Case,24001-05-04,DEMO,4545,T1XX-1|T1XX-2,T1XX-1,HUD02,shared,cN·m,True,OK,31,28,OK,OK,OK,90,103,118,102.9,0,0,0,788,0000010163,True,True,True,True,DEMO_RAW
2026-07-21 08:17:59,2026-07-21 08:17:59,0061,001,0231,ASG_04,Rear Cover / PCB Cover,24001-07-04,DEMO,4545,T1XX-1|T1XX-2,T1XX-1,HUD05,shared,cN·m,True,OK,31,28,OK,OK,OK,85,100,115,104.3,0,0,0,972,0000010164,True,True,True,True,DEMO_RAW
2026-07-21 08:17:59,2026-07-21 08:17:59,0061,001,0231,ASG_05,Flat Mirror Assy,24001-06-04,DEMO,4545,T1XX-1,T1XX-1,HUD06,exclusive,cN·m,True,OK,31,28,OK,OK,OK,80,90,105,93.4,0,0,0,870,0000010165,True,True,True,True,DEMO_RAW
2026-07-21 08:17:59,2026-07-21 08:17:59,0061,001,0231,ASG_06,Sunlight Sensor,24001-10-04,DEMO,4545,T1XX-1,T1XX-1,HDS503,exclusive,cN·m,True,OK,31,28,OK,OK,OK,70,82,95,79.3,0,0,0,977,0000010166,True,True,True,True,DEMO_RAW
2026-07-21 08:17:59,2026-07-21 08:17:59,0061,001,0231,ASG_07,Upper Case To Lower Case,24001-08-04,DEMO,4545,T1XX-1|T1XX-2,T1XX-1,HUD07,shared,cN·m,True,OK,31,28,OK,OK,OK,85,100,115,100.5,0,0,0,838,0000010167,True,True,True,True,DEMO_RAW
2026-07-21 08:18:59,2026-07-21 08:18:59,0061,001,0231,ASG_01,Heatsink Assy & Screwing,24001-09-05,DEMO,4545,T1XX-1|T1XX-2,T1XX-1,HDS302,shared,cN·m,True,OK,31,29,OK,OK,OK,80,95,110,92.7,0,0,0,789,0000010168,True,True,True,True,DEMO_RAW
2026-07-21 08:18:59,2026-07-21 08:18:59,0061,001,0231,ASG_02,Heatsink Assy to Lower Case,24001-05-04,DEMO,4545,T1XX-1|T1XX-2,T1XX-1,HUD02,shared,cN·m,True,OK,31,29,OK,OK,OK,90,103,118,102.2,0,0,0,767,0000010169,True,True,True,True,DEMO_RAW
2026-07-21 08:18:59,2026-07-21 08:18:59,0061,001,0231,ASG_04,Rear Cover / PCB Cover,24001-07-04,DEMO,4545,T1XX-1|T1XX-2,T1XX-1,HUD05,shared,cN·m,True,OK,31,29,OK,OK,OK,85,100,115,100.5,0,0,0,771,0000010170,True,True,True,True,DEMO_RAW
2026-07-21 08:18:59,2026-07-21 08:18:59,0061,001,0231,ASG_05,Flat Mirror Assy,24001-06-04,DEMO,4545,T1XX-1,T1XX-1,HUD06,exclusive,cN·m,True,OK,31,29,OK,OK,OK,80,90,105,86.7,0,0,0,839,0000010171,True,True,True,True,DEMO_RAW
2026-07-21 08:18:59,2026-07-21 08:18:59,0061,001,0231,ASG_06,Sunlight Sensor,24001-10-04,DEMO,4545,T1XX-1,T1XX-1,HDS503,exclusive,cN·m,True,OK,31,29,OK,OK,OK,70,82,95,77.8,0,0,0,969,0000010172,True,True,True,True,DEMO_RAW
2026-07-21 08:18:59,2026-07-21 08:18:59,0061,001,0231,ASG_07,Upper Case To Lower Case,24001-08-04,DEMO,4545,T1XX-1|T1XX-2,T1XX-1,HUD07,shared,cN·m,True,OK,31,29,OK,OK,OK,85,100,115,103.2,0,0,0,723,0000010173,True,True,True,True,DEMO_RAW
2026-07-21 08:19:59,2026-07-21 08:19:59,0061,001,0231,ASG_01,Heatsink Assy & Screwing,24001-09-05,DEMO,4545,T1XX-1|T1XX-2,T1XX-1,HDS302,shared,cN·m,True,OK,31,30,OK,OK,OK,80,95,110,97.2,0,0,0,702,0000010174,True,True,True,True,DEMO_RAW
2026-07-21 08:19:59,2026-07-21 08:19:59,0061,001,0231,ASG_02,Heatsink Assy to Lower Case,24001-05-04,DEMO,4545,T1XX-1|T1XX-2,T1XX-1,HUD02,shared,cN·m,True,OK,31,30,OK,OK,OK,90,103,118,101.6,0,0,0,873,0000010175,True,True,True,True,DEMO_RAW
2026-07-21 08:19:59,2026-07-21 08:19:59,0061,001,0231,ASG_04,Rear Cover / PCB Cover,24001-07-04,DEMO,4545,T1XX-1|T1XX-2,T1XX-1,HUD05,shared,cN·m,True,OK,31,30,OK,OK,OK,85,100,115,101.4,0,0,0,818,0000010176,True,True,True,True,DEMO_RAW
2026-07-21 08:19:59,2026-07-21 08:19:59,0061,001,0231,ASG_05,Flat Mirror Assy,24001-06-04,DEMO,4545,T1XX-1,T1XX-1,HUD06,exclusive,cN·m,True,OK,31,30,OK,OK,OK,80,90,105,91.2,0,0,0,726,0000010177,True,True,True,True,DEMO_RAW
2026-07-21 08:19:59,2026-07-21 08:19:59,0061,001,0231,ASG_06,Sunlight Sensor,24001-10-04,DEMO,4545,T1XX-1,T1XX-1,HDS503,exclusive,cN·m,True,OK,31,30,OK,OK,OK,70,82,95,87.5,0,0,0,824,0000010178,True,True,True,True,DEMO_RAW
2026-07-21 08:19:59,2026-07-21 08:19:59,0061,001,0231,ASG_07,Upper Case To Lower Case,24001-08-04,DEMO,4545,T1XX-1|T1XX-2,T1XX-1,HUD07,shared,cN·m,True,OK,31,30,OK,OK,OK,85,100,115,103.2,0,0,0,898,0000010179,True,True,True,True,DEMO_RAW
2026-07-21 08:20:59,2026-07-21 08:20:59,0061,001,0231,ASG_01,Heatsink Assy & Screwing,24001-09-05,DEMO,4545,T1XX-1|T1XX-2,T1XX-1,HDS302,shared,cN·m,True,OK,31,31,OK,OK,OK,80,95,110,92.5,0,0,0,979,0000010180,True,True,True,True,DEMO_RAW
2026-07-21 08:20:59,2026-07-21 08:20:59,0061,001,0231,ASG_02,Heatsink Assy to Lower Case,24001-05-04,DEMO,4545,T1XX-1|T1XX-2,T1XX-1,HUD02,shared,cN·m,True,OK,31,31,OK,OK,OK,90,103,118,102.7,0,0,0,884,0000010181,True,True,True,True,DEMO_RAW
2026-07-21 08:20:59,2026-07-21 08:20:59,0061,001,0231,ASG_04,Rear Cover / PCB Cover,24001-07-04,DEMO,4545,T1XX-1|T1XX-2,T1XX-1,HUD05,shared,cN·m,True,OK,31,31,OK,OK,OK,85,100,115,100.3,0,0,0,871,0000010182,True,True,True,True,DEMO_RAW
2026-07-21 08:20:59,2026-07-21 08:20:59,0061,001,0231,ASG_05,Flat Mirror Assy,24001-06-04,DEMO,4545,T1XX-1,T1XX-1,HUD06,exclusive,cN·m,True,OK,31,31,OK,OK,OK,80,90,105,89.1,0,0,0,977,0000010183,True,True,True,True,DEMO_RAW
2026-07-21 08:20:59,2026-07-21 08:20:59,0061,001,0231,ASG_06,Sunlight Sensor,24001-10-04,DEMO,4545,T1XX-1,T1XX-1,HDS503,exclusive,cN·m,True,OK,31,31,OK,OK,OK,70,82,95,79.5,0,0,0,895,0000010184,True,True,True,True,DEMO_RAW
2026-07-21 08:20:59,2026-07-21 08:20:59,0061,001,0231,ASG_07,Upper Case To Lower Case,24001-08-04,DEMO,4545,T1XX-1|T1XX-2,T1XX-1,HUD07,shared,cN·m,True,OK,31,31,OK,OK,OK,85,100,115,97.6,0,0,0,661,0000010185,True,True,True,True,DEMO_RAW
2026-07-21 08:21:59,2026-07-21 08:21:59,0061,001,0231,ASG_01,Heatsink Assy & Screwing,24001-09-05,DEMO,4545,T1XX-1|T1XX-2,T1XX-1,HDS302,shared,cN·m,True,OK,31,32,OK,OK,OK,80,95,110,93.1,0,0,0,795,0000010186,True,True,True,True,DEMO_RAW
2026-07-21 08:21:59,2026-07-21 08:21:59,0061,001,0231,ASG_02,Heatsink Assy to Lower Case,24001-05-04,DEMO,4545,T1XX-1|T1XX-2,T1XX-1,HUD02,shared,cN·m,True,OK,31,32,OK,OK,OK,90,103,118,103.3,0,0,0,851,0000010187,True,True,True,True,DEMO_RAW
2026-07-21 08:21:59,2026-07-21 08:21:59,0061,001,0231,ASG_04,Rear Cover / PCB Cover,24001-07-04,DEMO,4545,T1XX-1|T1XX-2,T1XX-1,HUD05,shared,cN·m,True,OK,31,32,OK,OK,OK,85,100,115,97.3,0,0,0,773,0000010188,True,True,True,True,DEMO_RAW
2026-07-21 08:21:59,2026-07-21 08:21:59,0061,001,0231,ASG_05,Flat Mirror Assy,24001-06-04,DEMO,4545,T1XX-1,T1XX-1,HUD06,exclusive,cN·m,True,OK,31,32,OK,OK,OK,80,90,105,91.9,0,0,0,943,0000010189,True,True,True,True,DEMO_RAW
2026-07-21 08:21:59,2026-07-21 08:21:59,0061,001,0231,ASG_06,Sunlight Sensor,24001-10-04,DEMO,4545,T1XX-1,T1XX-1,HDS503,exclusive,cN·m,True,OK,31,32,OK,OK,OK,70,82,95,76.3,0,0,0,783,0000010190,True,True,True,True,DEMO_RAW
2026-07-21 08:21:59,2026-07-21 08:21:59,0061,001,0231,ASG_07,Upper Case To Lower Case,24001-08-04,DEMO,4545,T1XX-1|T1XX-2,T1XX-1,HUD07,shared,cN·m,True,OK,31,32,OK,OK,OK,85,100,115,100.9,0,0,0,844,0000010191,True,True,True,True,DEMO_RAW
2026-07-21 08:22:59,2026-07-21 08:22:59,0061,001,0231,ASG_01,Heatsink Assy & Screwing,24001-09-05,DEMO,4545,T1XX-1|T1XX-2,T1XX-1,HDS302,shared,cN·m,True,OK,31,33,OK,OK,OK,80,95,110,94.5,0,0,0,949,0000010192,True,True,True,True,DEMO_RAW
2026-07-21 08:22:59,2026-07-21 08:22:59,0061,001,0231,ASG_02,Heatsink Assy to Lower Case,24001-05-04,DEMO,4545,T1XX-1|T1XX-2,T1XX-1,HUD02,shared,cN·m,True,OK,31,33,OK,OK,OK,90,103,118,102.8,0,0,0,779,0000010193,True,True,True,True,DEMO_RAW
2026-07-21 08:22:59,2026-07-21 08:22:59,0061,001,0231,ASG_04,Rear Cover / PCB Cover,24001-07-04,DEMO,4545,T1XX-1|T1XX-2,T1XX-1,HUD05,shared,cN·m,True,OK,31,33,OK,OK,OK,85,100,115,101.5,0,0,0,1057,0000010194,True,True,True,True,DEMO_RAW
2026-07-21 08:22:59,2026-07-21 08:22:59,0061,001,0231,ASG_05,Flat Mirror Assy,24001-06-04,DEMO,4545,T1XX-1,T1XX-1,HUD06,exclusive,cN·m,True,OK,31,33,OK,OK,OK,80,90,105,87.0,0,0,0,807,0000010195,True,True,True,True,DEMO_RAW
2026-07-21 08:22:59,2026-07-21 08:22:59,0061,001,0231,ASG_06,Sunlight Sensor,24001-10-04,DEMO,4545,T1XX-1,T1XX-1,HDS503,exclusive,cN·m,True,OK,31,33,OK,OK,OK,70,82,95,82.1,0,0,0,850,0000010196,True,True,True,True,DEMO_RAW
2026-07-21 08:22:59,2026-07-21 08:22:59,0061,001,0231,ASG_07,Upper Case To Lower Case,24001-08-04,DEMO,4545,T1XX-1|T1XX-2,T1XX-1,HUD07,shared,cN·m,True,OK,31,33,OK,OK,OK,85,100,115,97.6,0,0,0,786,0000010197,True,True,True,True,DEMO_RAW
2026-07-21 08:23:59,2026-07-21 08:23:59,0061,001,0231,ASG_01,Heatsink Assy & Screwing,24001-09-05,DEMO,4545,T1XX-1|T1XX-2,T1XX-1,HDS302,shared,cN·m,True,OK,31,34,OK,OK,OK,80,95,110,95.1,0,0,0,850,0000010198,True,True,True,True,DEMO_RAW
2026-07-21 08:23:59,2026-07-21 08:23:59,0061,001,0231,ASG_02,Heatsink Assy to Lower Case,24001-05-04,DEMO,4545,T1XX-1|T1XX-2,T1XX-1,HUD02,shared,cN·m,True,OK,31,34,OK,OK,OK,90,103,118,105.5,0,0,0,820,0000010199,True,True,True,True,DEMO_RAW
2026-07-21 08:23:59,2026-07-21 08:23:59,0061,001,0231,ASG_04,Rear Cover / PCB Cover,24001-07-04,DEMO,4545,T1XX-1|T1XX-2,T1XX-1,HUD05,shared,cN·m,True,OK,31,34,OK,OK,OK,85,100,115,99.9,0,0,0,827,0000010200,True,True,True,True,DEMO_RAW
2026-07-21 08:23:59,2026-07-21 08:23:59,0061,001,0231,ASG_05,Flat Mirror Assy,24001-06-04,DEMO,4545,T1XX-1,T1XX-1,HUD06,exclusive,cN·m,True,OK,31,34,OK,OK,OK,80,90,105,94.0,0,0,0,935,0000010201,True,True,True,True,DEMO_RAW
2026-07-21 08:23:59,2026-07-21 08:23:59,0061,001,0231,ASG_06,Sunlight Sensor,24001-10-04,DEMO,4545,T1XX-1,T1XX-1,HDS503,exclusive,cN·m,True,OK,31,34,OK,OK,OK,70,82,95,85.4,0,0,0,749,0000010202,True,True,True,True,DEMO_RAW
2026-07-21 08:23:59,2026-07-21 08:23:59,0061,001,0231,ASG_07,Upper Case To Lower Case,24001-08-04,DEMO,4545,T1XX-1|T1XX-2,T1XX-1,HUD07,shared,cN·m,True,OK,31,34,OK,OK,OK,85,100,115,104.2,0,0,0,938,0000010203,True,True,True,True,DEMO_RAW
2026-07-21 08:24:59,2026-07-21 08:24:59,0061,001,0231,ASG_01,Heatsink Assy & Screwing,24001-09-05,DEMO,4545,T1XX-1|T1XX-2,T1XX-1,HDS302,shared,cN·m,True,OK,31,35,OK,OK,OK,80,95,110,97.6,0,0,0,907,0000010204,True,True,True,True,DEMO_RAW
2026-07-21 08:24:59,2026-07-21 08:24:59,0061,001,0231,ASG_02,Heatsink Assy to Lower Case,24001-05-04,DEMO,4545,T1XX-1|T1XX-2,T1XX-1,HUD02,shared,cN·m,True,OK,31,35,OK,OK,OK,90,103,118,101.7,0,0,0,771,0000010205,True,True,True,True,DEMO_RAW
2026-07-21 08:24:59,2026-07-21 08:24:59,0061,001,0231,ASG_04,Rear Cover / PCB Cover,24001-07-04,DEMO,4545,T1XX-1|T1XX-2,T1XX-1,HUD05,shared,cN·m,True,OK,31,35,OK,OK,OK,85,100,115,97.0,0,0,0,876,0000010206,True,True,True,True,DEMO_RAW
2026-07-21 08:24:59,2026-07-21 08:24:59,0061,001,0231,ASG_05,Flat Mirror Assy,24001-06-04,DEMO,4545,T1XX-1,T1XX-1,HUD06,exclusive,cN·m,True,OK,31,35,OK,OK,OK,80,90,105,89.0,0,0,0,764,0000010207,True,True,True,True,DEMO_RAW
2026-07-21 08:24:59,2026-07-21 08:24:59,0061,001,0231,ASG_06,Sunlight Sensor,24001-10-04,DEMO,4545,T1XX-1,T1XX-1,HDS503,exclusive,cN·m,True,OK,31,35,OK,OK,OK,70,82,95,78.8,0,0,0,737,0000010208,True,True,True,True,DEMO_RAW
2026-07-21 08:24:59,2026-07-21 08:24:59,0061,001,0231,ASG_07,Upper Case To Lower Case,24001-08-04,DEMO,4545,T1XX-1|T1XX-2,T1XX-1,HUD07,shared,cN·m,True,OK,31,35,OK,OK,OK,85,100,115,95.0,0,0,0,821,0000010209,True,True,True,True,DEMO_RAW
2026-07-21 08:25:59,2026-07-21 08:25:59,0061,001,0231,ASG_01,Heatsink Assy & Screwing,24001-09-05,DEMO,4545,T1XX-1|T1XX-2,T1XX-1,HDS302,shared,cN·m,True,OK,31,36,OK,OK,OK,80,95,110,94.2,0,0,0,773,0000010210,True,True,True,True,DEMO_RAW
2026-07-21 08:25:59,2026-07-21 08:25:59,0061,001,0231,ASG_02,Heatsink Assy to Lower Case,24001-05-04,DEMO,4545,T1XX-1|T1XX-2,T1XX-1,HUD02,shared,cN·m,True,OK,31,36,OK,OK,OK,90,103,118,104.7,0,0,0,901,0000010211,True,True,True,True,DEMO_RAW
2026-07-21 08:25:59,2026-07-21 08:25:59,0061,001,0231,ASG_04,Rear Cover / PCB Cover,24001-07-04,DEMO,4545,T1XX-1|T1XX-2,T1XX-1,HUD05,shared,cN·m,True,OK,31,36,OK,OK,OK,85,100,115,101.5,0,0,0,727,0000010212,True,True,True,True,DEMO_RAW
2026-07-21 08:25:59,2026-07-21 08:25:59,0061,001,0231,ASG_05,Flat Mirror Assy,24001-06-04,DEMO,4545,T1XX-1,T1XX-1,HUD06,exclusive,cN·m,True,OK,31,36,OK,OK,OK,80,90,105,89.7,0,0,0,971,0000010213,True,True,True,True,DEMO_RAW
2026-07-21 08:25:59,2026-07-21 08:25:59,0061,001,0231,ASG_06,Sunlight Sensor,24001-10-04,DEMO,4545,T1XX-1,T1XX-1,HDS503,exclusive,cN·m,True,OK,31,36,OK,OK,OK,70,82,95,81.7,0,0,0,980,0000010214,True,True,True,True,DEMO_RAW
2026-07-21 08:25:59,2026-07-21 08:25:59,0061,001,0231,ASG_07,Upper Case To Lower Case,24001-08-04,DEMO,4545,T1XX-1|T1XX-2,T1XX-1,HUD07,shared,cN·m,True,OK,31,36,OK,OK,OK,85,100,115,99.9,0,0,0,934,0000010215,True,True,True,True,DEMO_RAW
2026-07-21 08:26:59,2026-07-21 08:26:59,0061,001,0231,ASG_01,Heatsink Assy & Screwing,24001-09-05,DEMO,4545,T1XX-1|T1XX-2,T1XX-1,HDS302,shared,cN·m,True,OK,31,37,OK,OK,OK,80,95,110,93.9,0,0,0,781,0000010216,True,True,True,True,DEMO_RAW
2026-07-21 08:26:59,2026-07-21 08:26:59,0061,001,0231,ASG_02,Heatsink Assy to Lower Case,24001-05-04,DEMO,4545,T1XX-1|T1XX-2,T1XX-1,HUD02,shared,cN·m,True,OK,31,37,OK,OK,OK,90,103,118,102.4,0,0,0,837,0000010217,True,True,True,True,DEMO_RAW
2026-07-21 08:26:59,2026-07-21 08:26:59,0061,001,0231,ASG_04,Rear Cover / PCB Cover,24001-07-04,DEMO,4545,T1XX-1|T1XX-2,T1XX-1,HUD05,shared,cN·m,True,OK,31,37,OK,OK,OK,85,100,115,102.5,0,0,0,815,0000010218,True,True,True,True,DEMO_RAW
2026-07-21 08:26:59,2026-07-21 08:26:59,0061,001,0231,ASG_05,Flat Mirror Assy,24001-06-04,DEMO,4545,T1XX-1,T1XX-1,HUD06,exclusive,cN·m,True,OK,31,37,OK,OK,OK,80,90,105,85.2,0,0,0,848,0000010219,True,True,True,True,DEMO_RAW
2026-07-21 08:26:59,2026-07-21 08:26:59,0061,001,0231,ASG_06,Sunlight Sensor,24001-10-04,DEMO,4545,T1XX-1,T1XX-1,HDS503,exclusive,cN·m,True,OK,31,37,OK,OK,OK,70,82,95,81.4,0,0,0,776,0000010220,True,True,True,True,DEMO_RAW
2026-07-21 08:26:59,2026-07-21 08:26:59,0061,001,0231,ASG_07,Upper Case To Lower Case,24001-08-04,DEMO,4545,T1XX-1|T1XX-2,T1XX-1,HUD07,shared,cN·m,True,OK,31,37,OK,OK,OK,85,100,115,100.8,0,0,0,976,0000010221,True,True,True,True,DEMO_RAW
2026-07-21 08:27:59,2026-07-21 08:27:59,0061,001,0231,ASG_01,Heatsink Assy & Screwing,24001-09-05,DEMO,4545,T1XX-1|T1XX-2,T1XX-1,HDS302,shared,cN·m,True,OK,31,38,OK,OK,OK,80,95,110,99.9,0,0,0,711,0000010222,True,True,True,True,DEMO_RAW
2026-07-21 08:27:59,2026-07-21 08:27:59,0061,001,0231,ASG_02,Heatsink Assy to Lower Case,24001-05-04,DEMO,4545,T1XX-1|T1XX-2,T1XX-1,HUD02,shared,cN·m,True,OK,31,38,OK,OK,OK,90,103,118,99.9,0,0,0,1071,0000010223,True,True,True,True,DEMO_RAW
2026-07-21 08:27:59,2026-07-21 08:27:59,0061,001,0231,ASG_04,Rear Cover / PCB Cover,24001-07-04,DEMO,4545,T1XX-1|T1XX-2,T1XX-1,HUD05,shared,cN·m,True,OK,31,38,OK,OK,OK,85,100,115,101.4,0,0,0,828,0000010224,True,True,True,True,DEMO_RAW
2026-07-21 08:27:59,2026-07-21 08:27:59,0061,001,0231,ASG_05,Flat Mirror Assy,24001-06-04,DEMO,4545,T1XX-1,T1XX-1,HUD06,exclusive,cN·m,True,OK,31,38,OK,OK,OK,80,90,105,90.8,0,0,0,734,0000010225,True,True,True,True,DEMO_RAW
2026-07-21 08:27:59,2026-07-21 08:27:59,0061,001,0231,ASG_06,Sunlight Sensor,24001-10-04,DEMO,4545,T1XX-1,T1XX-1,HDS503,exclusive,cN·m,True,OK,31,38,OK,OK,OK,70,82,95,83.4,0,0,0,930,0000010226,True,True,True,True,DEMO_RAW
2026-07-21 08:27:59,2026-07-21 08:27:59,0061,001,0231,ASG_07,Upper Case To Lower Case,24001-08-04,DEMO,4545,T1XX-1|T1XX-2,T1XX-1,HUD07,shared,cN·m,True,OK,31,38,OK,OK,OK,85,100,115,97.6,0,0,0,897,0000010227,True,True,True,True,DEMO_RAW
2026-07-21 08:28:59,2026-07-21 08:28:59,0061,001,0231,ASG_01,Heatsink Assy & Screwing,24001-09-05,DEMO,4545,T1XX-1|T1XX-2,T1XX-1,HDS302,shared,cN·m,True,OK,31,39,OK,OK,OK,80,95,110,94.4,0,0,0,663,0000010228,True,True,True,True,DEMO_RAW
2026-07-21 08:28:59,2026-07-21 08:28:59,0061,001,0231,ASG_02,Heatsink Assy to Lower Case,24001-05-04,DEMO,4545,T1XX-1|T1XX-2,T1XX-1,HUD02,shared,cN·m,True,OK,31,39,OK,OK,OK,90,103,118,103.0,0,0,0,887,0000010229,True,True,True,True,DEMO_RAW
2026-07-21 08:28:59,2026-07-21 08:28:59,0061,001,0231,ASG_04,Rear Cover / PCB Cover,24001-07-04,DEMO,4545,T1XX-1|T1XX-2,T1XX-1,HUD05,shared,cN·m,True,OK,31,39,OK,OK,OK,85,100,115,98.1,0,0,0,820,0000010230,True,True,True,True,DEMO_RAW
2026-07-21 08:28:59,2026-07-21 08:28:59,0061,001,0231,ASG_05,Flat Mirror Assy,24001-06-04,DEMO,4545,T1XX-1,T1XX-1,HUD06,exclusive,cN·m,True,OK,31,39,OK,OK,OK,80,90,105,92.2,0,0,0,885,0000010231,True,True,True,True,DEMO_RAW
2026-07-21 08:28:59,2026-07-21 08:28:59,0061,001,0231,ASG_06,Sunlight Sensor,24001-10-04,DEMO,4545,T1XX-1,T1XX-1,HDS503,exclusive,cN·m,True,OK,31,39,OK,OK,OK,70,82,95,84.5,0,0,0,986,0000010232,True,True,True,True,DEMO_RAW
2026-07-21 08:28:59,2026-07-21 08:28:59,0061,001,0231,ASG_07,Upper Case To Lower Case,24001-08-04,DEMO,4545,T1XX-1|T1XX-2,T1XX-1,HUD07,shared,cN·m,True,OK,31,39,OK,OK,OK,85,100,115,98.6,0,0,0,782,0000010233,True,True,True,True,DEMO_RAW
2026-07-21 08:29:59,2026-07-21 08:29:59,0061,001,0231,ASG_01,Heatsink Assy & Screwing,24001-09-05,DEMO,4545,T1XX-1|T1XX-2,T1XX-1,HDS302,shared,cN·m,True,OK,31,40,OK,OK,OK,80,95,110,94.4,0,0,0,760,0000010234,True,True,True,True,DEMO_RAW
2026-07-21 08:29:59,2026-07-21 08:29:59,0061,001,0231,ASG_02,Heatsink Assy to Lower Case,24001-05-04,DEMO,4545,T1XX-1|T1XX-2,T1XX-1,HUD02,shared,cN·m,True,OK,31,40,OK,OK,OK,90,103,118,106.7,0,0,0,868,0000010235,True,True,True,True,DEMO_RAW
2026-07-21 08:29:59,2026-07-21 08:29:59,0061,001,0231,ASG_04,Rear Cover / PCB Cover,24001-07-04,DEMO,4545,T1XX-1|T1XX-2,T1XX-1,HUD05,shared,cN·m,True,OK,31,40,OK,OK,OK,85,100,115,102.2,0,0,0,776,0000010236,True,True,True,True,DEMO_RAW
2026-07-21 08:29:59,2026-07-21 08:29:59,0061,001,0231,ASG_05,Flat Mirror Assy,24001-06-04,DEMO,4545,T1XX-1,T1XX-1,HUD06,exclusive,cN·m,True,OK,31,40,OK,OK,OK,80,90,105,90.3,0,0,0,844,0000010237,True,True,True,True,DEMO_RAW
2026-07-21 08:29:59,2026-07-21 08:29:59,0061,001,0231,ASG_06,Sunlight Sensor,24001-10-04,DEMO,4545,T1XX-1,T1XX-1,HDS503,exclusive,cN·m,True,OK,31,40,OK,OK,OK,70,82,95,80.8,0,0,0,952,0000010238,True,True,True,True,DEMO_RAW
2026-07-21 08:29:59,2026-07-21 08:29:59,0061,001,0231,ASG_07,Upper Case To Lower Case,24001-08-04,DEMO,4545,T1XX-1|T1XX-2,T1XX-1,HUD07,shared,cN·m,True,OK,31,40,OK,OK,OK,85,100,115,101.4,0,0,0,742,0000010239,True,True,True,True,DEMO_RAW
2026-07-21 08:30:59,2026-07-21 08:30:59,0061,001,0231,ASG_01,Heatsink Assy & Screwing,24001-09-05,DEMO,4545,T1XX-1|T1XX-2,T1XX-1,HDS302,shared,cN·m,True,OK,31,41,OK,OK,OK,80,95,110,96.9,0,0,0,842,0000010240,True,True,True,True,DEMO_RAW
2026-07-21 08:30:59,2026-07-21 08:30:59,0061,001,0231,ASG_02,Heatsink Assy to Lower Case,24001-05-04,DEMO,4545,T1XX-1|T1XX-2,T1XX-1,HUD02,shared,cN·m,True,OK,31,41,OK,OK,OK,90,103,118,101.3,0,0,0,820,0000010241,True,True,True,True,DEMO_RAW
2026-07-21 08:30:59,2026-07-21 08:30:59,0061,001,0231,ASG_04,Rear Cover / PCB Cover,24001-07-04,DEMO,4545,T1XX-1|T1XX-2,T1XX-1,HUD05,shared,cN·m,True,OK,31,41,OK,OK,OK,85,100,115,102.2,0,0,0,760,0000010242,True,True,True,True,DEMO_RAW
2026-07-21 08:30:59,2026-07-21 08:30:59,0061,001,0231,ASG_05,Flat Mirror Assy,24001-06-04,DEMO,4545,T1XX-1,T1XX-1,HUD06,exclusive,cN·m,True,OK,31,41,OK,OK,OK,80,90,105,86.0,0,0,0,1001,0000010243,True,True,True,True,DEMO_RAW
2026-07-21 08:30:59,2026-07-21 08:30:59,0061,001,0231,ASG_06,Sunlight Sensor,24001-10-04,DEMO,4545,T1XX-1,T1XX-1,HDS503,exclusive,cN·m,True,OK,31,41,OK,OK,OK,70,82,95,81.6,0,0,0,845,0000010244,True,True,True,True,DEMO_RAW
2026-07-21 08:30:59,2026-07-21 08:30:59,0061,001,0231,ASG_07,Upper Case To Lower Case,24001-08-04,DEMO,4545,T1XX-1|T1XX-2,T1XX-1,HUD07,shared,cN·m,True,OK,31,41,OK,OK,OK,85,100,115,97.9,0,0,0,974,0000010245,True,True,True,True,DEMO_RAW
2026-07-21 08:31:59,2026-07-21 08:31:59,0061,001,0231,ASG_01,Heatsink Assy & Screwing,24001-09-05,DEMO,4545,T1XX-1|T1XX-2,T1XX-1,HDS302,shared,cN·m,True,OK,31,42,OK,OK,OK,80,95,110,92.4,0,0,0,842,0000010246,True,True,True,True,DEMO_RAW
2026-07-21 08:31:59,2026-07-21 08:31:59,0061,001,0231,ASG_02,Heatsink Assy to Lower Case,24001-05-04,DEMO,4545,T1XX-1|T1XX-2,T1XX-1,HUD02,shared,cN·m,True,OK,31,42,OK,OK,OK,90,103,118,101.2,0,0,0,850,0000010247,True,True,True,True,DEMO_RAW
2026-07-21 08:31:59,2026-07-21 08:31:59,0061,001,0231,ASG_04,Rear Cover / PCB Cover,24001-07-04,DEMO,4545,T1XX-1|T1XX-2,T1XX-1,HUD05,shared,cN·m,True,OK,31,42,OK,OK,OK,85,100,115,96.6,0,0,0,792,0000010248,True,True,True,True,DEMO_RAW
2026-07-21 08:31:59,2026-07-21 08:31:59,0061,001,0231,ASG_05,Flat Mirror Assy,24001-06-04,DEMO,4545,T1XX-1,T1XX-1,HUD06,exclusive,cN·m,True,OK,31,42,OK,OK,OK,80,90,105,93.1,0,0,0,637,0000010249,True,True,True,True,DEMO_RAW
2026-07-21 08:31:59,2026-07-21 08:31:59,0061,001,0231,ASG_06,Sunlight Sensor,24001-10-04,DEMO,4545,T1XX-1,T1XX-1,HDS503,exclusive,cN·m,True,OK,31,42,OK,OK,OK,70,82,95,84.9,0,0,0,858,0000010250,True,True,True,True,DEMO_RAW
2026-07-21 08:31:59,2026-07-21 08:31:59,0061,001,0231,ASG_07,Upper Case To Lower Case,24001-08-04,DEMO,4545,T1XX-1|T1XX-2,T1XX-1,HUD07,shared,cN·m,True,OK,31,42,OK,OK,OK,85,100,115,100.3,0,0,0,849,0000010251,True,True,True,True,DEMO_RAW
2026-07-21 08:32:59,2026-07-21 08:32:59,0061,001,0231,ASG_01,Heatsink Assy & Screwing,24001-09-05,DEMO,4545,T1XX-1|T1XX-2,T1XX-1,HDS302,shared,cN·m,True,OK,31,43,OK,OK,OK,80,95,110,95.6,0,0,0,675,0000010252,True,True,True,True,DEMO_RAW
2026-07-21 08:32:59,2026-07-21 08:32:59,0061,001,0231,ASG_02,Heatsink Assy to Lower Case,24001-05-04,DEMO,4545,T1XX-1|T1XX-2,T1XX-1,HUD02,shared,cN·m,True,OK,31,43,OK,OK,OK,90,103,118,101.5,0,0,0,936,0000010253,True,True,True,True,DEMO_RAW
2026-07-21 08:32:59,2026-07-21 08:32:59,0061,001,0231,ASG_04,Rear Cover / PCB Cover,24001-07-04,DEMO,4545,T1XX-1|T1XX-2,T1XX-1,HUD05,shared,cN·m,True,OK,31,43,OK,OK,OK,85,100,115,98.9,0,0,0,972,0000010254,True,True,True,True,DEMO_RAW
2026-07-21 08:32:59,2026-07-21 08:32:59,0061,001,0231,ASG_05,Flat Mirror Assy,24001-06-04,DEMO,4545,T1XX-1,T1XX-1,HUD06,exclusive,cN·m,True,OK,31,43,OK,OK,OK,80,90,105,89.0,0,0,0,817,0000010255,True,True,True,True,DEMO_RAW
2026-07-21 08:32:59,2026-07-21 08:32:59,0061,001,0231,ASG_06,Sunlight Sensor,24001-10-04,DEMO,4545,T1XX-1,T1XX-1,HDS503,exclusive,cN·m,True,OK,31,43,OK,OK,OK,70,82,95,80.0,0,0,0,900,0000010256,True,True,True,True,DEMO_RAW
2026-07-21 08:32:59,2026-07-21 08:32:59,0061,001,0231,ASG_07,Upper Case To Lower Case,24001-08-04,DEMO,4545,T1XX-1|T1XX-2,T1XX-1,HUD07,shared,cN·m,True,OK,31,43,OK,OK,OK,85,100,115,100.3,0,0,0,1032,0000010257,True,True,True,True,DEMO_RAW
2026-07-21 08:33:59,2026-07-21 08:33:59,0061,001,0231,ASG_01,Heatsink Assy & Screwing,24001-09-05,DEMO,4545,T1XX-1|T1XX-2,T1XX-1,HDS302,shared,cN·m,True,OK,31,44,OK,OK,OK,80,95,110,95.2,0,0,0,893,0000010258,True,True,True,True,DEMO_RAW
2026-07-21 08:33:59,2026-07-21 08:33:59,0061,001,0231,ASG_02,Heatsink Assy to Lower Case,24001-05-04,DEMO,4545,T1XX-1|T1XX-2,T1XX-1,HUD02,shared,cN·m,True,OK,31,44,OK,OK,OK,90,103,118,99.1,0,0,0,734,0000010259,True,True,True,True,DEMO_RAW
2026-07-21 08:33:59,2026-07-21 08:33:59,0061,001,0231,ASG_04,Rear Cover / PCB Cover,24001-07-04,DEMO,4545,T1XX-1|T1XX-2,T1XX-1,HUD05,shared,cN·m,True,OK,31,44,OK,OK,OK,85,100,115,101.4,0,0,0,952,0000010260,True,True,True,True,DEMO_RAW
2026-07-21 08:33:59,2026-07-21 08:33:59,0061,001,0231,ASG_05,Flat Mirror Assy,24001-06-04,DEMO,4545,T1XX-1,T1XX-1,HUD06,exclusive,cN·m,True,OK,31,44,OK,OK,OK,80,90,105,88.4,0,0,0,854,0000010261,True,True,True,True,DEMO_RAW
2026-07-21 08:33:59,2026-07-21 08:33:59,0061,001,0231,ASG_06,Sunlight Sensor,24001-10-04,DEMO,4545,T1XX-1,T1XX-1,HDS503,exclusive,cN·m,True,OK,31,44,OK,OK,OK,70,82,95,80.7,0,0,0,934,0000010262,True,True,True,True,DEMO_RAW
2026-07-21 08:33:59,2026-07-21 08:33:59,0061,001,0231,ASG_07,Upper Case To Lower Case,24001-08-04,DEMO,4545,T1XX-1|T1XX-2,T1XX-1,HUD07,shared,cN·m,True,OK,31,44,OK,OK,OK,85,100,115,103.0,0,0,0,919,0000010263,True,True,True,True,DEMO_RAW
2026-07-21 08:34:59,2026-07-21 08:34:59,0061,001,0231,ASG_01,Heatsink Assy & Screwing,24001-09-05,DEMO,4545,T1XX-1|T1XX-2,T1XX-1,HDS302,shared,cN·m,True,OK,31,45,OK,OK,OK,80,95,110,97.7,0,0,0,788,0000010264,True,True,True,True,DEMO_RAW
2026-07-21 08:34:59,2026-07-21 08:34:59,0061,001,0231,ASG_02,Heatsink Assy to Lower Case,24001-05-04,DEMO,4545,T1XX-1|T1XX-2,T1XX-1,HUD02,shared,cN·m,True,OK,31,45,OK,OK,OK,90,103,118,101.1,0,0,0,804,0000010265,True,True,True,True,DEMO_RAW
2026-07-21 08:34:59,2026-07-21 08:34:59,0061,001,0231,ASG_04,Rear Cover / PCB Cover,24001-07-04,DEMO,4545,T1XX-1|T1XX-2,T1XX-1,HUD05,shared,cN·m,True,OK,31,45,OK,OK,OK,85,100,115,103.5,0,0,0,744,0000010266,True,True,True,True,DEMO_RAW
2026-07-21 08:34:59,2026-07-21 08:34:59,0061,001,0231,ASG_05,Flat Mirror Assy,24001-06-04,DEMO,4545,T1XX-1,T1XX-1,HUD06,exclusive,cN·m,True,OK,31,45,OK,OK,OK,80,90,105,88.1,0,0,0,793,0000010267,True,True,True,True,DEMO_RAW
2026-07-21 08:34:59,2026-07-21 08:34:59,0061,001,0231,ASG_06,Sunlight Sensor,24001-10-04,DEMO,4545,T1XX-1,T1XX-1,HDS503,exclusive,cN·m,True,OK,31,45,OK,OK,OK,70,82,95,82.4,0,0,0,832,0000010268,True,True,True,True,DEMO_RAW
2026-07-21 08:34:59,2026-07-21 08:34:59,0061,001,0231,ASG_07,Upper Case To Lower Case,24001-08-04,DEMO,4545,T1XX-1|T1XX-2,T1XX-1,HUD07,shared,cN·m,True,OK,31,45,OK,OK,OK,85,100,115,101.1,0,0,0,732,0000010269,True,True,True,True,DEMO_RAW
2026-07-21 08:35:59,2026-07-21 08:35:59,0061,001,0231,ASG_01,Heatsink Assy & Screwing,24001-09-05,DEMO,4545,T1XX-1|T1XX-2,T1XX-1,HDS302,shared,cN·m,True,OK,31,46,OK,OK,OK,80,95,110,95.7,0,0,0,868,0000010270,True,True,True,True,DEMO_RAW
2026-07-21 08:35:59,2026-07-21 08:35:59,0061,001,0231,ASG_02,Heatsink Assy to Lower Case,24001-05-04,DEMO,4545,T1XX-1|T1XX-2,T1XX-1,HUD02,shared,cN·m,True,OK,31,46,OK,OK,OK,90,103,118,101.1,0,0,0,959,0000010271,True,True,True,True,DEMO_RAW
2026-07-21 08:35:59,2026-07-21 08:35:59,0061,001,0231,ASG_04,Rear Cover / PCB Cover,24001-07-04,DEMO,4545,T1XX-1|T1XX-2,T1XX-1,HUD05,shared,cN·m,True,OK,31,46,OK,OK,OK,85,100,115,96.5,0,0,0,630,0000010272,True,True,True,True,DEMO_RAW
2026-07-21 08:35:59,2026-07-21 08:35:59,0061,001,0231,ASG_05,Flat Mirror Assy,24001-06-04,DEMO,4545,T1XX-1,T1XX-1,HUD06,exclusive,cN·m,True,OK,31,46,OK,OK,OK,80,90,105,89.7,0,0,0,815,0000010273,True,True,True,True,DEMO_RAW
2026-07-21 08:35:59,2026-07-21 08:35:59,0061,001,0231,ASG_06,Sunlight Sensor,24001-10-04,DEMO,4545,T1XX-1,T1XX-1,HDS503,exclusive,cN·m,True,OK,31,46,OK,OK,OK,70,82,95,82.3,0,0,0,824,0000010274,True,True,True,True,DEMO_RAW
2026-07-21 08:35:59,2026-07-21 08:35:59,0061,001,0231,ASG_07,Upper Case To Lower Case,24001-08-04,DEMO,4545,T1XX-1|T1XX-2,T1XX-1,HUD07,shared,cN·m,True,OK,31,46,OK,OK,OK,85,100,115,104.5,0,0,0,807,0000010275,True,True,True,True,DEMO_RAW
2026-07-21 08:36:59,2026-07-21 08:36:59,0061,001,0231,ASG_01,Heatsink Assy & Screwing,24001-09-05,DEMO,4545,T1XX-1|T1XX-2,T1XX-1,HDS302,shared,cN·m,True,OK,31,47,OK,OK,OK,80,95,110,96.3,0,0,0,833,0000010276,True,True,True,True,DEMO_RAW
2026-07-21 08:36:59,2026-07-21 08:36:59,0061,001,0231,ASG_02,Heatsink Assy to Lower Case,24001-05-04,DEMO,4545,T1XX-1|T1XX-2,T1XX-1,HUD02,shared,cN·m,True,OK,31,47,OK,OK,OK,90,103,118,105.9,0,0,0,828,0000010277,True,True,True,True,DEMO_RAW
2026-07-21 08:36:59,2026-07-21 08:36:59,0061,001,0231,ASG_04,Rear Cover / PCB Cover,24001-07-04,DEMO,4545,T1XX-1|T1XX-2,T1XX-1,HUD05,shared,cN·m,True,OK,31,47,OK,OK,OK,85,100,115,99.4,0,0,0,786,0000010278,True,True,True,True,DEMO_RAW
2026-07-21 08:36:59,2026-07-21 08:36:59,0061,001,0231,ASG_05,Flat Mirror Assy,24001-06-04,DEMO,4545,T1XX-1,T1XX-1,HUD06,exclusive,cN·m,True,OK,31,47,OK,OK,OK,80,90,105,89.7,0,0,0,965,0000010279,True,True,True,True,DEMO_RAW
2026-07-21 08:36:59,2026-07-21 08:36:59,0061,001,0231,ASG_06,Sunlight Sensor,24001-10-04,DEMO,4545,T1XX-1,T1XX-1,HDS503,exclusive,cN·m,True,OK,31,47,OK,OK,OK,70,82,95,78.1,0,0,0,820,0000010280,True,True,True,True,DEMO_RAW
2026-07-21 08:36:59,2026-07-21 08:36:59,0061,001,0231,ASG_07,Upper Case To Lower Case,24001-08-04,DEMO,4545,T1XX-1|T1XX-2,T1XX-1,HUD07,shared,cN·m,True,OK,31,47,OK,OK,OK,85,100,115,99.5,0,0,0,962,0000010281,True,True,True,True,DEMO_RAW
2026-07-21 08:37:59,2026-07-21 08:37:59,0061,001,0231,ASG_01,Heatsink Assy & Screwing,24001-09-05,DEMO,4545,T1XX-1|T1XX-2,T1XX-1,HDS302,shared,cN·m,True,OK,31,48,OK,OK,OK,80,95,110,96.5,0,0,0,887,0000010282,True,True,True,True,DEMO_RAW
2026-07-21 08:37:59,2026-07-21 08:37:59,0061,001,0231,ASG_02,Heatsink Assy to Lower Case,24001-05-04,DEMO,4545,T1XX-1|T1XX-2,T1XX-1,HUD02,shared,cN·m,True,OK,31,48,OK,OK,OK,90,103,118,99.0,0,0,0,789,0000010283,True,True,True,True,DEMO_RAW
2026-07-21 08:37:59,2026-07-21 08:37:59,0061,001,0231,ASG_04,Rear Cover / PCB Cover,24001-07-04,DEMO,4545,T1XX-1|T1XX-2,T1XX-1,HUD05,shared,cN·m,True,OK,31,48,OK,OK,OK,85,100,115,100.1,0,0,0,797,0000010284,True,True,True,True,DEMO_RAW
2026-07-21 08:37:59,2026-07-21 08:37:59,0061,001,0231,ASG_05,Flat Mirror Assy,24001-06-04,DEMO,4545,T1XX-1,T1XX-1,HUD06,exclusive,cN·m,True,OK,31,48,OK,OK,OK,80,90,105,89.0,0,0,0,858,0000010285,True,True,True,True,DEMO_RAW
2026-07-21 08:37:59,2026-07-21 08:37:59,0061,001,0231,ASG_06,Sunlight Sensor,24001-10-04,DEMO,4545,T1XX-1,T1XX-1,HDS503,exclusive,cN·m,True,OK,31,48,OK,OK,OK,70,82,95,83.3,0,0,0,926,0000010286,True,True,True,True,DEMO_RAW
2026-07-21 08:37:59,2026-07-21 08:37:59,0061,001,0231,ASG_07,Upper Case To Lower Case,24001-08-04,DEMO,4545,T1XX-1|T1XX-2,T1XX-1,HUD07,shared,cN·m,True,OK,31,48,OK,OK,OK,85,100,115,100.7,0,0,0,926,0000010287,True,True,True,True,DEMO_RAW
2026-07-21 08:38:59,2026-07-21 08:38:59,0061,001,0231,ASG_01,Heatsink Assy & Screwing,24001-09-05,DEMO,4545,T1XX-1|T1XX-2,T1XX-1,HDS302,shared,cN·m,True,OK,31,49,OK,OK,OK,80,95,110,100.3,0,0,0,763,0000010288,True,True,True,True,DEMO_RAW
2026-07-21 08:38:59,2026-07-21 08:38:59,0061,001,0231,ASG_02,Heatsink Assy to Lower Case,24001-05-04,DEMO,4545,T1XX-1|T1XX-2,T1XX-1,HUD02,shared,cN·m,True,OK,31,49,OK,OK,OK,90,103,118,107.2,0,0,0,824,0000010289,True,True,True,True,DEMO_RAW
2026-07-21 08:38:59,2026-07-21 08:38:59,0061,001,0231,ASG_04,Rear Cover / PCB Cover,24001-07-04,DEMO,4545,T1XX-1|T1XX-2,T1XX-1,HUD05,shared,cN·m,True,OK,31,49,OK,OK,OK,85,100,115,99.0,0,0,0,907,0000010290,True,True,True,True,DEMO_RAW
2026-07-21 08:38:59,2026-07-21 08:38:59,0061,001,0231,ASG_05,Flat Mirror Assy,24001-06-04,DEMO,4545,T1XX-1,T1XX-1,HUD06,exclusive,cN·m,True,OK,31,49,OK,OK,OK,80,90,105,91.0,0,0,0,950,0000010291,True,True,True,True,DEMO_RAW
2026-07-21 08:38:59,2026-07-21 08:38:59,0061,001,0231,ASG_06,Sunlight Sensor,24001-10-04,DEMO,4545,T1XX-1,T1XX-1,HDS503,exclusive,cN·m,True,OK,31,49,OK,OK,OK,70,82,95,82.8,0,0,0,637,0000010292,True,True,True,True,DEMO_RAW
2026-07-21 08:38:59,2026-07-21 08:38:59,0061,001,0231,ASG_07,Upper Case To Lower Case,24001-08-04,DEMO,4545,T1XX-1|T1XX-2,T1XX-1,HUD07,shared,cN·m,True,OK,31,49,OK,OK,OK,85,100,115,99.8,0,0,0,786,0000010293,True,True,True,True,DEMO_RAW
2026-07-21 08:39:59,2026-07-21 08:39:59,0061,001,0231,ASG_01,Heatsink Assy & Screwing,24001-09-05,DEMO,4545,T1XX-1|T1XX-2,T1XX-1,HDS302,shared,cN·m,True,OK,31,50,OK,OK,OK,80,95,110,92.3,0,0,0,742,0000010294,True,True,True,True,DEMO_RAW
2026-07-21 08:39:59,2026-07-21 08:39:59,0061,001,0231,ASG_02,Heatsink Assy to Lower Case,24001-05-04,DEMO,4545,T1XX-1|T1XX-2,T1XX-1,HUD02,shared,cN·m,True,OK,31,50,OK,OK,OK,90,103,118,101.4,0,0,0,915,0000010295,True,True,True,True,DEMO_RAW
2026-07-21 08:39:59,2026-07-21 08:39:59,0061,001,0231,ASG_04,Rear Cover / PCB Cover,24001-07-04,DEMO,4545,T1XX-1|T1XX-2,T1XX-1,HUD05,shared,cN·m,True,OK,31,50,OK,OK,OK,85,100,115,99.9,0,0,0,906,0000010296,True,True,True,True,DEMO_RAW
2026-07-21 08:39:59,2026-07-21 08:39:59,0061,001,0231,ASG_05,Flat Mirror Assy,24001-06-04,DEMO,4545,T1XX-1,T1XX-1,HUD06,exclusive,cN·m,True,OK,31,50,OK,OK,OK,80,90,105,96.0,0,0,0,844,0000010297,True,True,True,True,DEMO_RAW
2026-07-21 08:39:59,2026-07-21 08:39:59,0061,001,0231,ASG_06,Sunlight Sensor,24001-10-04,DEMO,4545,T1XX-1,T1XX-1,HDS503,exclusive,cN·m,True,OK,31,50,OK,OK,OK,70,82,95,82.3,0,0,0,899,0000010298,True,True,True,True,DEMO_RAW
2026-07-21 08:39:59,2026-07-21 08:39:59,0061,001,0231,ASG_07,Upper Case To Lower Case,24001-08-04,DEMO,4545,T1XX-1|T1XX-2,T1XX-1,HUD07,shared,cN·m,True,OK,31,50,OK,OK,OK,85,100,115,104.4,0,0,0,1078,0000010299,True,True,True,True,DEMO_RAW
2026-07-21 08:40:59,2026-07-21 08:40:59,0061,001,0231,ASG_01,Heatsink Assy & Screwing,24001-09-05,DEMO,4545,T1XX-1|T1XX-2,T1XX-1,HDS302,shared,cN·m,True,OK,31,51,OK,OK,OK,80,95,110,96.7,0,0,0,860,0000010300,True,True,True,True,DEMO_RAW
2026-07-21 08:40:59,2026-07-21 08:40:59,0061,001,0231,ASG_02,Heatsink Assy to Lower Case,24001-05-04,DEMO,4545,T1XX-1|T1XX-2,T1XX-1,HUD02,shared,cN·m,True,OK,31,51,OK,OK,OK,90,103,118,99.8,0,0,0,663,0000010301,True,True,True,True,DEMO_RAW
2026-07-21 08:40:59,2026-07-21 08:40:59,0061,001,0231,ASG_04,Rear Cover / PCB Cover,24001-07-04,DEMO,4545,T1XX-1|T1XX-2,T1XX-1,HUD05,shared,cN·m,True,OK,31,51,OK,OK,OK,85,100,115,98.1,0,0,0,940,0000010302,True,True,True,True,DEMO_RAW
2026-07-21 08:40:59,2026-07-21 08:40:59,0061,001,0231,ASG_05,Flat Mirror Assy,24001-06-04,DEMO,4545,T1XX-1,T1XX-1,HUD06,exclusive,cN·m,True,OK,31,51,OK,OK,OK,80,90,105,88.3,0,0,0,770,0000010303,True,True,True,True,DEMO_RAW
2026-07-21 08:40:59,2026-07-21 08:40:59,0061,001,0231,ASG_06,Sunlight Sensor,24001-10-04,DEMO,4545,T1XX-1,T1XX-1,HDS503,exclusive,cN·m,True,OK,31,51,OK,OK,OK,70,82,95,80.0,0,0,0,883,0000010304,True,True,True,True,DEMO_RAW
2026-07-21 08:40:59,2026-07-21 08:40:59,0061,001,0231,ASG_07,Upper Case To Lower Case,24001-08-04,DEMO,4545,T1XX-1|T1XX-2,T1XX-1,HUD07,shared,cN·m,True,OK,31,51,OK,OK,OK,85,100,115,99.6,0,0,0,932,0000010305,True,True,True,True,DEMO_RAW
2026-07-21 08:41:59,2026-07-21 08:41:59,0061,001,0231,ASG_01,Heatsink Assy & Screwing,24001-09-05,DEMO,4545,T1XX-1|T1XX-2,T1XX-1,HDS302,shared,cN·m,True,OK,31,52,OK,OK,OK,80,95,110,95.9,0,0,0,882,0000010306,True,True,True,True,DEMO_RAW
2026-07-21 08:41:59,2026-07-21 08:41:59,0061,001,0231,ASG_02,Heatsink Assy to Lower Case,24001-05-04,DEMO,4545,T1XX-1|T1XX-2,T1XX-1,HUD02,shared,cN·m,True,OK,31,52,OK,OK,OK,90,103,118,106.3,0,0,0,787,0000010307,True,True,True,True,DEMO_RAW
2026-07-21 08:41:59,2026-07-21 08:41:59,0061,001,0231,ASG_04,Rear Cover / PCB Cover,24001-07-04,DEMO,4545,T1XX-1|T1XX-2,T1XX-1,HUD05,shared,cN·m,True,OK,31,52,OK,OK,OK,85,100,115,99.9,0,0,0,687,0000010308,True,True,True,True,DEMO_RAW
2026-07-21 08:41:59,2026-07-21 08:41:59,0061,001,0231,ASG_05,Flat Mirror Assy,24001-06-04,DEMO,4545,T1XX-1,T1XX-1,HUD06,exclusive,cN·m,True,OK,31,52,OK,OK,OK,80,90,105,89.3,0,0,0,746,0000010309,True,True,True,True,DEMO_RAW
2026-07-21 08:41:59,2026-07-21 08:41:59,0061,001,0231,ASG_06,Sunlight Sensor,24001-10-04,DEMO,4545,T1XX-1,T1XX-1,HDS503,exclusive,cN·m,True,OK,31,52,OK,OK,OK,70,82,95,81.9,0,0,0,994,0000010310,True,True,True,True,DEMO_RAW
2026-07-21 08:41:59,2026-07-21 08:41:59,0061,001,0231,ASG_07,Upper Case To Lower Case,24001-08-04,DEMO,4545,T1XX-1|T1XX-2,T1XX-1,HUD07,shared,cN·m,True,OK,31,52,OK,OK,OK,85,100,115,103.3,0,0,0,806,0000010311,True,True,True,True,DEMO_RAW
2026-07-21 08:42:59,2026-07-21 08:42:59,0061,001,0231,ASG_01,Heatsink Assy & Screwing,24001-09-05,DEMO,4545,T1XX-1|T1XX-2,T1XX-1,HDS302,shared,cN·m,True,OK,31,53,OK,OK,OK,80,95,110,95.0,0,0,0,701,0000010312,True,True,True,True,DEMO_RAW
2026-07-21 08:42:59,2026-07-21 08:42:59,0061,001,0231,ASG_02,Heatsink Assy to Lower Case,24001-05-04,DEMO,4545,T1XX-1|T1XX-2,T1XX-1,HUD02,shared,cN·m,True,OK,31,53,OK,OK,OK,90,103,118,105.0,0,0,0,736,0000010313,True,True,True,True,DEMO_RAW
2026-07-21 08:42:59,2026-07-21 08:42:59,0061,001,0231,ASG_04,Rear Cover / PCB Cover,24001-07-04,DEMO,4545,T1XX-1|T1XX-2,T1XX-1,HUD05,shared,cN·m,True,OK,31,53,OK,OK,OK,85,100,115,99.5,0,0,0,798,0000010314,True,True,True,True,DEMO_RAW
2026-07-21 08:42:59,2026-07-21 08:42:59,0061,001,0231,ASG_05,Flat Mirror Assy,24001-06-04,DEMO,4545,T1XX-1,T1XX-1,HUD06,exclusive,cN·m,True,OK,31,53,OK,OK,OK,80,90,105,93.3,0,0,0,751,0000010315,True,True,True,True,DEMO_RAW
2026-07-21 08:42:59,2026-07-21 08:42:59,0061,001,0231,ASG_06,Sunlight Sensor,24001-10-04,DEMO,4545,T1XX-1,T1XX-1,HDS503,exclusive,cN·m,True,OK,31,53,OK,OK,OK,70,82,95,83.6,0,0,0,882,0000010316,True,True,True,True,DEMO_RAW
2026-07-21 08:42:59,2026-07-21 08:42:59,0061,001,0231,ASG_07,Upper Case To Lower Case,24001-08-04,DEMO,4545,T1XX-1|T1XX-2,T1XX-1,HUD07,shared,cN·m,True,OK,31,53,OK,OK,OK,85,100,115,101.3,0,0,0,1000,0000010317,True,True,True,True,DEMO_RAW
2026-07-21 08:43:59,2026-07-21 08:43:59,0061,001,0231,ASG_01,Heatsink Assy & Screwing,24001-09-05,DEMO,4545,T1XX-1|T1XX-2,T1XX-1,HDS302,shared,cN·m,True,OK,31,54,OK,OK,OK,80,95,110,92.4,0,0,0,999,0000010318,True,True,True,True,DEMO_RAW
2026-07-21 08:43:59,2026-07-21 08:43:59,0061,001,0231,ASG_02,Heatsink Assy to Lower Case,24001-05-04,DEMO,4545,T1XX-1|T1XX-2,T1XX-1,HUD02,shared,cN·m,True,OK,31,54,OK,OK,OK,90,103,118,102.3,0,0,0,967,0000010319,True,True,True,True,DEMO_RAW
2026-07-21 08:43:59,2026-07-21 08:43:59,0061,001,0231,ASG_04,Rear Cover / PCB Cover,24001-07-04,DEMO,4545,T1XX-1|T1XX-2,T1XX-1,HUD05,shared,cN·m,True,OK,31,54,OK,OK,OK,85,100,115,99.1,0,0,0,924,0000010320,True,True,True,True,DEMO_RAW
2026-07-21 08:43:59,2026-07-21 08:43:59,0061,001,0231,ASG_05,Flat Mirror Assy,24001-06-04,DEMO,4545,T1XX-1,T1XX-1,HUD06,exclusive,cN·m,True,OK,31,54,OK,OK,OK,80,90,105,93.0,0,0,0,874,0000010321,True,True,True,True,DEMO_RAW
2026-07-21 08:43:59,2026-07-21 08:43:59,0061,001,0231,ASG_06,Sunlight Sensor,24001-10-04,DEMO,4545,T1XX-1,T1XX-1,HDS503,exclusive,cN·m,True,OK,31,54,OK,OK,OK,70,82,95,78.5,0,0,0,699,0000010322,True,True,True,True,DEMO_RAW
2026-07-21 08:43:59,2026-07-21 08:43:59,0061,001,0231,ASG_07,Upper Case To Lower Case,24001-08-04,DEMO,4545,T1XX-1|T1XX-2,T1XX-1,HUD07,shared,cN·m,True,OK,31,54,OK,OK,OK,85,100,115,102.1,0,0,0,1006,0000010323,True,True,True,True,DEMO_RAW
2026-07-21 08:44:59,2026-07-21 08:44:59,0061,001,0231,ASG_01,Heatsink Assy & Screwing,24001-09-05,DEMO,4545,T1XX-1|T1XX-2,T1XX-1,HDS302,shared,cN·m,True,OK,31,55,OK,OK,OK,80,95,110,97.5,0,0,0,863,0000010324,True,True,True,True,DEMO_RAW
2026-07-21 08:44:59,2026-07-21 08:44:59,0061,001,0231,ASG_02,Heatsink Assy to Lower Case,24001-05-04,DEMO,4545,T1XX-1|T1XX-2,T1XX-1,HUD02,shared,cN·m,True,OK,31,55,OK,OK,OK,90,103,118,100.7,0,0,0,1082,0000010325,True,True,True,True,DEMO_RAW
2026-07-21 08:44:59,2026-07-21 08:44:59,0061,001,0231,ASG_04,Rear Cover / PCB Cover,24001-07-04,DEMO,4545,T1XX-1|T1XX-2,T1XX-1,HUD05,shared,cN·m,True,OK,31,55,OK,OK,OK,85,100,115,98.8,0,0,0,978,0000010326,True,True,True,True,DEMO_RAW
2026-07-21 08:44:59,2026-07-21 08:44:59,0061,001,0231,ASG_05,Flat Mirror Assy,24001-06-04,DEMO,4545,T1XX-1,T1XX-1,HUD06,exclusive,cN·m,True,OK,31,55,OK,OK,OK,80,90,105,90.2,0,0,0,830,0000010327,True,True,True,True,DEMO_RAW
2026-07-21 08:44:59,2026-07-21 08:44:59,0061,001,0231,ASG_06,Sunlight Sensor,24001-10-04,DEMO,4545,T1XX-1,T1XX-1,HDS503,exclusive,cN·m,True,OK,31,55,OK,OK,OK,70,82,95,83.1,0,0,0,876,0000010328,True,True,True,True,DEMO_RAW
2026-07-21 08:44:59,2026-07-21 08:44:59,0061,001,0231,ASG_07,Upper Case To Lower Case,24001-08-04,DEMO,4545,T1XX-1|T1XX-2,T1XX-1,HUD07,shared,cN·m,True,OK,31,55,OK,OK,OK,85,100,115,100.5,0,0,0,730,0000010329,True,True,True,True,DEMO_RAW
2026-07-21 08:45:59,2026-07-21 08:45:59,0061,001,0231,ASG_01,Heatsink Assy & Screwing,24001-09-05,DEMO,4545,T1XX-1|T1XX-2,T1XX-1,HDS302,shared,cN·m,True,OK,31,56,OK,OK,OK,80,95,110,95.1,0,0,0,849,0000010330,True,True,True,True,DEMO_RAW
2026-07-21 08:45:59,2026-07-21 08:45:59,0061,001,0231,ASG_02,Heatsink Assy to Lower Case,24001-05-04,DEMO,4545,T1XX-1|T1XX-2,T1XX-1,HUD02,shared,cN·m,True,OK,31,56,OK,OK,OK,90,103,118,102.5,0,0,0,692,0000010331,True,True,True,True,DEMO_RAW
2026-07-21 08:45:59,2026-07-21 08:45:59,0061,001,0231,ASG_04,Rear Cover / PCB Cover,24001-07-04,DEMO,4545,T1XX-1|T1XX-2,T1XX-1,HUD05,shared,cN·m,True,OK,31,56,OK,OK,OK,85,100,115,99.6,0,0,0,926,0000010332,True,True,True,True,DEMO_RAW
2026-07-21 08:45:59,2026-07-21 08:45:59,0061,001,0231,ASG_05,Flat Mirror Assy,24001-06-04,DEMO,4545,T1XX-1,T1XX-1,HUD06,exclusive,cN·m,True,OK,31,56,OK,OK,OK,80,90,105,90.3,0,0,0,834,0000010333,True,True,True,True,DEMO_RAW
2026-07-21 08:45:59,2026-07-21 08:45:59,0061,001,0231,ASG_06,Sunlight Sensor,24001-10-04,DEMO,4545,T1XX-1,T1XX-1,HDS503,exclusive,cN·m,True,OK,31,56,OK,OK,OK,70,82,95,82.4,0,0,0,813,0000010334,True,True,True,True,DEMO_RAW
2026-07-21 08:45:59,2026-07-21 08:45:59,0061,001,0231,ASG_07,Upper Case To Lower Case,24001-08-04,DEMO,4545,T1XX-1|T1XX-2,T1XX-1,HUD07,shared,cN·m,True,OK,31,56,OK,OK,OK,85,100,115,101.5,0,0,0,740,0000010335,True,True,True,True,DEMO_RAW
2026-07-21 08:46:59,2026-07-21 08:46:59,0061,001,0231,ASG_01,Heatsink Assy & Screwing,24001-09-05,DEMO,4545,T1XX-1|T1XX-2,T1XX-1,HDS302,shared,cN·m,True,OK,31,57,OK,OK,OK,80,95,110,92.7,0,0,0,809,0000010336,True,True,True,True,DEMO_RAW
2026-07-21 08:46:59,2026-07-21 08:46:59,0061,001,0231,ASG_02,Heatsink Assy to Lower Case,24001-05-04,DEMO,4545,T1XX-1|T1XX-2,T1XX-1,HUD02,shared,cN·m,True,OK,31,57,OK,OK,OK,90,103,118,107.5,0,0,0,767,0000010337,True,True,True,True,DEMO_RAW
2026-07-21 08:46:59,2026-07-21 08:46:59,0061,001,0231,ASG_04,Rear Cover / PCB Cover,24001-07-04,DEMO,4545,T1XX-1|T1XX-2,T1XX-1,HUD05,shared,cN·m,True,OK,31,57,OK,OK,OK,85,100,115,100.7,0,0,0,1106,0000010338,True,True,True,True,DEMO_RAW
2026-07-21 08:46:59,2026-07-21 08:46:59,0061,001,0231,ASG_05,Flat Mirror Assy,24001-06-04,DEMO,4545,T1XX-1,T1XX-1,HUD06,exclusive,cN·m,True,OK,31,57,OK,OK,OK,80,90,105,92.2,0,0,0,849,0000010339,True,True,True,True,DEMO_RAW
2026-07-21 08:46:59,2026-07-21 08:46:59,0061,001,0231,ASG_06,Sunlight Sensor,24001-10-04,DEMO,4545,T1XX-1,T1XX-1,HDS503,exclusive,cN·m,True,OK,31,57,OK,OK,OK,70,82,95,82.3,0,0,0,848,0000010340,True,True,True,True,DEMO_RAW
2026-07-21 08:46:59,2026-07-21 08:46:59,0061,001,0231,ASG_07,Upper Case To Lower Case,24001-08-04,DEMO,4545,T1XX-1|T1XX-2,T1XX-1,HUD07,shared,cN·m,True,OK,31,57,OK,OK,OK,85,100,115,98.1,0,0,0,828,0000010341,True,True,True,True,DEMO_RAW
2026-07-21 08:47:59,2026-07-21 08:47:59,0061,001,0231,ASG_01,Heatsink Assy & Screwing,24001-09-05,DEMO,4545,T1XX-1|T1XX-2,T1XX-1,HDS302,shared,cN·m,True,OK,31,58,OK,OK,OK,80,95,110,96.9,0,0,0,927,0000010342,True,True,True,True,DEMO_RAW
2026-07-21 08:47:59,2026-07-21 08:47:59,0061,001,0231,ASG_02,Heatsink Assy to Lower Case,24001-05-04,DEMO,4545,T1XX-1|T1XX-2,T1XX-1,HUD02,shared,cN·m,True,OK,31,58,OK,OK,OK,90,103,118,101.9,0,0,0,870,0000010343,True,True,True,True,DEMO_RAW
2026-07-21 08:47:59,2026-07-21 08:47:59,0061,001,0231,ASG_04,Rear Cover / PCB Cover,24001-07-04,DEMO,4545,T1XX-1|T1XX-2,T1XX-1,HUD05,shared,cN·m,True,OK,31,58,OK,OK,OK,85,100,115,98.2,0,0,0,843,0000010344,True,True,True,True,DEMO_RAW
2026-07-21 08:47:59,2026-07-21 08:47:59,0061,001,0231,ASG_05,Flat Mirror Assy,24001-06-04,DEMO,4545,T1XX-1,T1XX-1,HUD06,exclusive,cN·m,True,OK,31,58,OK,OK,OK,80,90,105,89.6,0,0,0,797,0000010345,True,True,True,True,DEMO_RAW
2026-07-21 08:47:59,2026-07-21 08:47:59,0061,001,0231,ASG_06,Sunlight Sensor,24001-10-04,DEMO,4545,T1XX-1,T1XX-1,HDS503,exclusive,cN·m,True,OK,31,58,OK,OK,OK,70,82,95,78.9,0,0,0,1017,0000010346,True,True,True,True,DEMO_RAW
2026-07-21 08:47:59,2026-07-21 08:47:59,0061,001,0231,ASG_07,Upper Case To Lower Case,24001-08-04,DEMO,4545,T1XX-1|T1XX-2,T1XX-1,HUD07,shared,cN·m,True,OK,31,58,OK,OK,OK,85,100,115,98.9,0,0,0,827,0000010347,True,True,True,True,DEMO_RAW
2026-07-21 08:48:59,2026-07-21 08:48:59,0061,001,0231,ASG_01,Heatsink Assy & Screwing,24001-09-05,DEMO,4545,T1XX-1|T1XX-2,T1XX-1,HDS302,shared,cN·m,True,OK,31,59,OK,OK,OK,80,95,110,96.6,0,0,0,783,0000010348,True,True,True,True,DEMO_RAW
2026-07-21 08:48:59,2026-07-21 08:48:59,0061,001,0231,ASG_02,Heatsink Assy to Lower Case,24001-05-04,DEMO,4545,T1XX-1|T1XX-2,T1XX-1,HUD02,shared,cN·m,True,OK,31,59,OK,OK,OK,90,103,118,105.3,0,0,0,879,0000010349,True,True,True,True,DEMO_RAW
2026-07-21 08:48:59,2026-07-21 08:48:59,0061,001,0231,ASG_04,Rear Cover / PCB Cover,24001-07-04,DEMO,4545,T1XX-1|T1XX-2,T1XX-1,HUD05,shared,cN·m,True,OK,31,59,OK,OK,OK,85,100,115,104.0,0,0,0,809,0000010350,True,True,True,True,DEMO_RAW
2026-07-21 08:48:59,2026-07-21 08:48:59,0061,001,0231,ASG_05,Flat Mirror Assy,24001-06-04,DEMO,4545,T1XX-1,T1XX-1,HUD06,exclusive,cN·m,True,OK,31,59,OK,OK,OK,80,90,105,90.3,0,0,0,867,0000010351,True,True,True,True,DEMO_RAW
2026-07-21 08:48:59,2026-07-21 08:48:59,0061,001,0231,ASG_06,Sunlight Sensor,24001-10-04,DEMO,4545,T1XX-1,T1XX-1,HDS503,exclusive,cN·m,True,OK,31,59,OK,OK,OK,70,82,95,81.4,0,0,0,887,0000010352,True,True,True,True,DEMO_RAW
2026-07-21 08:48:59,2026-07-21 08:48:59,0061,001,0231,ASG_07,Upper Case To Lower Case,24001-08-04,DEMO,4545,T1XX-1|T1XX-2,T1XX-1,HUD07,shared,cN·m,True,OK,31,59,OK,OK,OK,85,100,115,100.4,0,0,0,740,0000010353,True,True,True,True,DEMO_RAW
2026-07-21 08:49:59,2026-07-21 08:49:59,0061,001,0231,ASG_01,Heatsink Assy & Screwing,24001-09-05,DEMO,4545,T1XX-1|T1XX-2,T1XX-1,HDS302,shared,cN·m,True,OK,31,60,OK,OK,OK,80,95,110,91.9,0,0,0,905,0000010354,True,True,True,True,DEMO_RAW
2026-07-21 08:49:59,2026-07-21 08:49:59,0061,001,0231,ASG_02,Heatsink Assy to Lower Case,24001-05-04,DEMO,4545,T1XX-1|T1XX-2,T1XX-1,HUD02,shared,cN·m,True,OK,31,60,OK,OK,OK,90,103,118,102.2,0,0,0,731,0000010355,True,True,True,True,DEMO_RAW
2026-07-21 08:49:59,2026-07-21 08:49:59,0061,001,0231,ASG_04,Rear Cover / PCB Cover,24001-07-04,DEMO,4545,T1XX-1|T1XX-2,T1XX-1,HUD05,shared,cN·m,True,OK,31,60,OK,OK,OK,85,100,115,100.7,0,0,0,935,0000010356,True,True,True,True,DEMO_RAW
2026-07-21 08:49:59,2026-07-21 08:49:59,0061,001,0231,ASG_05,Flat Mirror Assy,24001-06-04,DEMO,4545,T1XX-1,T1XX-1,HUD06,exclusive,cN·m,True,OK,31,60,OK,OK,OK,80,90,105,92.0,0,0,0,799,0000010357,True,True,True,True,DEMO_RAW
2026-07-21 08:49:59,2026-07-21 08:49:59,0061,001,0231,ASG_06,Sunlight Sensor,24001-10-04,DEMO,4545,T1XX-1,T1XX-1,HDS503,exclusive,cN·m,True,OK,31,60,OK,OK,OK,70,82,95,81.8,0,0,0,928,0000010358,True,True,True,True,DEMO_RAW
2026-07-21 08:49:59,2026-07-21 08:49:59,0061,001,0231,ASG_07,Upper Case To Lower Case,24001-08-04,DEMO,4545,T1XX-1|T1XX-2,T1XX-1,HUD07,shared,cN·m,True,OK,31,60,OK,OK,OK,85,100,115,101.3,0,0,0,799,0000010359,True,True,True,True,DEMO_RAW
